ID,Lge,Sea,Date,HT,AT,prd_HS,prd_AS,prd_W,prd_D,prd_L
1,ARG1,23-24,14/04/2023,Tigre,Sarmiento de Junin,1,0,0.4933316019605128,0.29552902259845315,0.21113937544103412
2,ARG1,23-24,15/04/2023,Defensa y Justicia,Instituto Cordoba,1,1,0.43193272218874174,0.2540643167274168,0.3140029610838415
3,ARG1,23-24,15/04/2023,Boca Juniors,Estudiantes,1,0,0.6374797760178335,0.22428371109429907,0.13823651288786748
4,ARG1,23-24,16/04/2023,GyE La Plata,Belgrano Cordoba,1,0,0.52456834548902,0.3105878554787337,0.16484379903224633
5,ARG1,23-24,16/04/2023,Huracan,Argentinos Juniors,1,0,0.4800608055894845,0.2924837307305952,0.2274554636799203
6,ARG1,23-24,16/04/2023,Velez Sarsfield,Barracas Central,1,0,0.5758311009662815,0.2431883197413007,0.18098057929241776
7,ARG1,23-24,16/04/2023,Union de Santa Fe,Tigre,1,1,0.3127312594977293,0.2636037673407836,0.4236649731614871
8,ARG1,23-24,16/04/2023,Newells Old Boys,River Plate,0,1,0.26319199978201835,0.32268114552427724,0.4141268546937044
9,ARG1,23-24,16/04/2023,Independiente,Racing Club,1,1,0.3002947360892082,0.28612617718416,0.4135790867266318
10,ARG1,23-24,17/04/2023,Talleres Cordoba,San Lorenzo,1,0,0.3883638661552999,0.30076149430601307,0.310874639538687
11,ARG1,23-24,17/04/2023,Platense,CA Colon,1,0,0.46046601195652653,0.30321183632104953,0.236322151722424
12,ARG1,23-24,17/04/2023,CA Banfield,Central Cordoba,1,1,0.365809524089885,0.28914919939396966,0.34504127651614536
13,ARG1,23-24,17/04/2023,Sarmiento de Junin,Arsenal Sarandi,1,1,0.41777107310848155,0.2680897221821973,0.3141392047093211
14,ARG1,23-24,18/04/2023,Atletico Tucuman,Rosario Central,1,0,0.5279152103744171,0.26102110504286324,0.21106368458271962
15,ARG1,23-24,18/04/2023,CD Godoy Cruz,CA Lanus,1,0,0.5399668662866995,0.28161069154213575,0.1784224421711647
16,ARG1,23-24,23/04/2023,Central Cordoba,CD Godoy Cruz,1,0,0.49384165241010247,0.27672183337427614,0.2294365142156214
17,ARG1,23-24,23/04/2023,CA Lanus,Sarmiento de Junin,0,0,0.37207524684058096,0.3254744008246762,0.30245035233474277
18,ARG1,23-24,23/04/2023,Arsenal Sarandi,Union de Santa Fe,1,0,0.4380085454084635,0.2887392370601098,0.27325221753142676
19,ARG1,23-24,23/04/2023,Tigre,Huracan,1,0,0.4409213553550824,0.27988028993093345,0.2791983547139842
20,ARG1,23-24,23/04/2023,Argentinos Juniors,GyE La Plata,1,0,0.5622928842816319,0.26983444745616597,0.1678726682622021
21,ARG1,23-24,23/04/2023,Belgrano Cordoba,Newells Old Boys,0,0,0.3413705349939626,0.3367986938759184,0.321830771130119
22,ARG1,23-24,23/04/2023,River Plate,Independiente,1,0,0.549044812968337,0.258011600297152,0.19294358673451106
23,ARG1,23-24,23/04/2023,Racing Club,Atletico Tucuman,1,0,0.5997086494507332,0.2526483472365196,0.1476430033127472
24,ARG1,23-24,23/04/2023,Rosario Central,Boca Juniors,1,0,0.39475488833770356,0.31882114890104213,0.2864239627612543
25,ARG1,23-24,23/04/2023,Estudiantes,Talleres Cordoba,1,1,0.36382588997567394,0.2883911792798405,0.34778293074448563
26,ARG1,23-24,23/04/2023,San Lorenzo,Platense,1,0,0.5460166284501514,0.26992009573592884,0.18406327581391974
27,ARG1,23-24,23/04/2023,CA Colon,Velez Sarsfield,1,1,0.3579993350352437,0.2899073583327019,0.35209330663205435
28,ARG1,23-24,23/04/2023,Barracas Central,Defensa y Justicia,1,1,0.35746368768745634,0.29986674469354513,0.34266956761899847
29,ARG1,23-24,23/04/2023,Instituto Cordoba,CA Banfield,0,0,0.3968073295269115,0.33103992447599007,0.2721527459970985
30,AUS1,22-23,14/04/2023,Newcastle United Jets,Macarthur FC,2,1,0.5747499641799874,0.20539053094800874,0.2198595048720039
31,AUS1,22-23,15/04/2023,Central Coast Mariners,Melbourne City FC,1,1,0.46227101571171825,0.21923494920248654,0.3184940350857952
32,AUS1,22-23,15/04/2023,Western Sydney Wanderers,Melbourne Victory,1,0,0.5799912381342219,0.24493088839371235,0.17507787347206571
33,AUS1,22-23,16/04/2023,Wellington Phoenix,Brisbane Roar,1,1,0.5492949969429577,0.2220209033016026,0.2286840997554397
34,AUS1,22-23,16/04/2023,Sydney FC,Perth Glory,1,1,0.4459467891131778,0.24003959047343634,0.31401362041338576
35,AUS1,22-23,16/04/2023,Adelaide United,Western United,2,1,0.6438432021026042,0.18392781221157883,0.17222898568581702
36,AUS1,22-23,21/04/2023,Western Sydney Wanderers,Wellington Phoenix,1,0,0.5545303094092455,0.2353763818793166,0.2100933087114379
37,AUS1,22-23,22/04/2023,Newcastle United Jets,Central Coast Mariners,1,1,0.4106435425719766,0.2363877188200072,0.35296873860801625
38,AUS1,22-23,22/04/2023,Western United,Melbourne City FC,1,1,0.28477083291394245,0.23882464749501806,0.47640451959103947
39,AUS1,22-23,23/04/2023,Melbourne Victory,Macarthur FC,2,1,0.6237688383483654,0.20252900444844169,0.17370215720319293
40,AUS1,22-23,23/04/2023,Perth Glory,Adelaide United,1,1,0.44026049991061855,0.21811811417545554,0.3416213859139259
41,AUS1,22-23,24/04/2023,Brisbane Roar,Sydney FC,1,1,0.36693332513384597,0.28231910821928174,0.35074756664687223
42,AUT1,22-23,14/04/2023,SV Ried,WSG Tirol,1,1,0.31294015927807983,0.2567487540488956,0.4303110866730246
43,AUT1,22-23,15/04/2023,TSV Hartberg,SCR Altach,1,1,0.48552158888899233,0.22853796090871156,0.2859404502022961
44,AUT1,22-23,15/04/2023,Austria Lustenau,Wolfsberger AC,1,1,0.4139927948227087,0.22730137683473287,0.3587058283425585
45,AUT1,22-23,16/04/2023,RB Salzburg,LASK Linz,1,0,0.5978302061942373,0.23711278741248634,0.16505700639327633
46,AUT1,22-23,16/04/2023,SK Austria Klagenfurt,Sturm Graz,0,1,0.13705935646961112,0.227507864223968,0.635432779306421
47,AUT1,22-23,16/04/2023,Rapid Wien,Austria Wien,1,1,0.4470861408905046,0.23605983627448457,0.31685402283501085
48,AUT1,22-23,21/04/2023,Wolfsberger AC,TSV Hartberg,1,1,0.4914903138518731,0.23568572052470593,0.2728239656234209
49,AUT1,22-23,22/04/2023,SCR Altach,SV Ried,1,0,0.4886309708030789,0.27526719803680294,0.23610183116011813
50,AUT1,22-23,22/04/2023,WSG Tirol,Austria Lustenau,1,1,0.3713862911749344,0.25524620851619506,0.37336750030887056
51,AUT1,22-23,23/04/2023,Austria Wien,SK Austria Klagenfurt,2,1,0.5345396460772084,0.20882529060681765,0.25663506331597397
52,AUT1,22-23,23/04/2023,LASK Linz,Rapid Wien,1,1,0.4535129153847613,0.24068313135011665,0.3058039532651221
53,AUT1,22-23,23/04/2023,Sturm Graz,RB Salzburg,1,1,0.29698582521400635,0.23237577383738242,0.4706384009486113
54,BEL1,22-23,14/04/2023,Standard,Charleroi,1,1,0.48742680035024594,0.24568255710209685,0.26689064254765715
55,BEL1,22-23,15/04/2023,Eupen,Waregem,1,1,0.47089913603077727,0.23760729767229374,0.291493566296929
56,BEL1,22-23,15/04/2023,Cercle Brugge,St Truiden,1,0,0.5497871585919862,0.24934924842771794,0.20086359298029582
57,BEL1,22-23,15/04/2023,Oostende,Oud-Heverlee Leuven,1,1,0.2951376000101509,0.24105207499263628,0.46381032499721286
58,BEL1,22-23,15/04/2023,Westerlo,Club Brugge,1,1,0.5154739019244706,0.21730430419114974,0.2672217938843796
59,BEL1,22-23,16/04/2023,Genk,Anderlecht,1,0,0.6005043739061007,0.22399862920483954,0.1754969968890598
60,BEL1,22-23,16/04/2023,Mechelen,Gent,1,1,0.28189446571228843,0.2173087994733251,0.5007967348143865
61,BEL1,22-23,16/04/2023,Antwerp,Kortrijk,2,0,0.7620891929110285,0.15543050169637682,0.08248030539259468
62,BEL1,22-23,16/04/2023,Union Saint-Gilloise,RFC Seraing,2,0,0.809584388929396,0.12951442460003904,0.06090118647056497
63,BEL1,22-23,23/04/2023,Club Brugge,Eupen,2,0,0.7490880295385032,0.15485251174627104,0.09605945871522578
64,BEL1,22-23,23/04/2023,Gent,Oostende,2,0,0.7805755148785101,0.14617510290484143,0.0732493822166485
65,BEL1,22-23,23/04/2023,Kortrijk,Union Saint-Gilloise,1,2,0.1826085601842709,0.20691948362349824,0.6104719561922309
66,BEL1,22-23,23/04/2023,Oud-Heverlee Leuven,Standard,1,1,0.41457783837251455,0.24666476227783743,0.3387573993496481
67,BEL1,22-23,23/04/2023,Anderlecht,Mechelen,2,0,0.6915765227734505,0.18612248674181486,0.12230099048473464
68,BEL1,22-23,23/04/2023,Charleroi,Genk,1,1,0.2723807325502017,0.23704208783489758,0.49057717961490077
69,BEL1,22-23,23/04/2023,RFC Seraing,Westerlo,0,1,0.19282314431605813,0.23616489077963904,0.5710119649043028
70,BEL1,22-23,23/04/2023,Waregem,Cercle Brugge,1,1,0.3075093820259297,0.2211812469274565,0.4713093710466138
71,BEL1,22-23,23/04/2023,St Truiden,Antwerp,0,1,0.24302257842611077,0.2761970672879435,0.48078035428594573
72,CHE1,22-23,15/04/2023,Servette Geneve,FC Lugano,1,1,0.48855906251847436,0.2514096931858124,0.2600312442957132
73,CHE1,22-23,15/04/2023,FC Luzern,FC Zurich,1,1,0.4567753131788616,0.2620339008244546,0.28119078599668373
74,CHE1,22-23,16/04/2023,FC St Gallen,Winterthur,2,0,0.6757393766876191,0.19853648841261637,0.12572413489976456
75,CHE1,22-23,16/04/2023,FC Basel,Young Boys,1,1,0.3518917269234933,0.2583543291224852,0.38975394395402146
76,CHE1,22-23,16/04/2023,Grasshoppers Zurich,FC Sion,1,1,0.5169932080044594,0.22072299009277957,0.26228380190276107
77,CHE1,22-23,22/04/2023,Winterthur,Grasshoppers Zurich,1,1,0.3661447548410808,0.2564675978049077,0.37738764735401154
78,CHE1,22-23,22/04/2023,Young Boys,Servette Geneve,2,0,0.7618304930752595,0.1560668022987027,0.08210270462603778
79,CHE1,22-23,23/04/2023,FC Basel,FC Luzern,1,1,0.48661400200031324,0.23886758182431997,0.27451841617536676
80,CHE1,22-23,23/04/2023,FC Lugano,FC Sion,1,1,0.5090624509312139,0.2306908662118911,0.26024668285689495
81,CHE1,22-23,23/04/2023,FC Zurich,FC St Gallen,1,1,0.3914154372214441,0.2345371400781807,0.37404742270037517
82,CHL1,23-24,16/04/2023,Audax Italiano,Universidad de Chile,1,1,0.497663091213392,0.24583684455348295,0.2565000642331251
83,CHL1,23-24,16/04/2023,Deportes Copiapo,CD Huachipato,1,1,0.3045183365646377,0.23787883395029702,0.4576028294850652
84,CHL1,23-24,16/04/2023,Coquimbo Unido,Nublense,1,1,0.3934852940006521,0.27262480142001105,0.3338899045793368
85,CHL1,23-24,16/04/2023,Curico Unido,Union Espanola,1,1,0.5364178651105221,0.23181487807918255,0.2317672568102953
86,CHL1,23-24,16/04/2023,Everton,Deportes Magallanes,1,1,0.5738650033050376,0.22436375704670097,0.20177123964826138
87,CHL1,23-24,16/04/2023,CD Palestino,CD Cobresal,2,1,0.5333947144485176,0.2157772975350004,0.250827988016482
88,CHL1,23-24,16/04/2023,Union La Calera,Higgins,1,0,0.5264814454654866,0.2635078946510353,0.2100106598834781
89,CHL1,23-24,16/04/2023,Universidad Catolica,Colo Colo,1,1,0.41010004993362636,0.25378630006364217,0.33611365000273147
90,CHL1,23-24,23/04/2023,CD Cobresal,Curico Unido,1,0,0.5145441599264902,0.25020297603584146,0.23525286403766837
91,CHL1,23-24,23/04/2023,Colo Colo,CD Palestino,1,0,0.6532352683432343,0.2323805752976013,0.11438415635916438
92,CHL1,23-24,23/04/2023,Everton,Universidad de Chile,1,0,0.5556441978431742,0.2491172243466063,0.1952385778102195
93,CHL1,23-24,23/04/2023,CD Huachipato,Union La Calera,1,1,0.4883602235455012,0.24662438961098052,0.26501538684351833
94,CHL1,23-24,23/04/2023,Deportes Magallanes,Deportes Copiapo,1,0,0.5442827060737909,0.2810820095210446,0.17463528440516446
95,CHL1,23-24,23/04/2023,Nublense,Audax Italiano,1,1,0.5327073607775433,0.22604138031097676,0.24125125891147992
96,CHL1,23-24,23/04/2023,Universidad Catolica,Higgins,1,0,0.5727194448073276,0.2491538986840419,0.1781266565086305
97,CHL1,23-24,23/04/2023,Union Espanola,Coquimbo Unido,1,1,0.4846464589775946,0.2608985325139973,0.2544550085084081
98,DNK1,22-23,14/04/2023,Midtjylland,Aalborg,1,1,0.41653310887851963,0.26001954553348827,0.32344734558799215
99,DNK1,22-23,16/04/2023,Lyngby,Horsens,1,0,0.44836076352261484,0.2749565805059089,0.27668265597147634
100,DNK1,22-23,16/04/2023,Odense,Silkeborg,1,1,0.3643685581982542,0.251016679926546,0.3846147618751998
101,DNK1,22-23,16/04/2023,FC Kobenhavn,Viborg,1,1,0.5104064486675696,0.24714847795758474,0.2424450733748457
102,DNK1,22-23,16/04/2023,Brondby,Aarhus,1,1,0.35360217447463066,0.2627257320795889,0.3836720934457804
103,DNK1,22-23,17/04/2023,Randers FC,Nordsjalland,0,1,0.29768580549209256,0.2871454463085741,0.41516874819933336
104,DNK1,22-23,21/04/2023,Silkeborg,Aalborg,1,1,0.4935216429315758,0.2307381967953166,0.27574016027310755
105,DNK1,22-23,23/04/2023,Horsens,Midtjylland,1,2,0.24266151918812678,0.21238405397514543,0.5449544268367279
106,DNK1,22-23,24/04/2023,Odense,Lyngby,1,1,0.4320245154441914,0.253623508784848,0.3143519757709606
107,DZA1,22-23,15/04/2023,Khenchela,ES Setif,1,0,0.6036490321368395,0.24414609457952885,0.15220487328363164
108,DZA1,22-23,15/04/2023,Chelghoum Laid,Paradou AC,0,1,0.23474440888265993,0.26918040539604154,0.49607518572129855
109,DZA1,22-23,15/04/2023,ASO Chlef,Biskra,1,0,0.6009992405655893,0.2642351288573081,0.1347656305771026
110,DZA1,22-23,15/04/2023,El Bayadh,Magra,1,0,0.5653414070997514,0.27488529590925614,0.1597732969909924
111,DZA1,22-23,15/04/2023,CS Constantine,JS Saoura,1,0,0.6427724949960334,0.25292331965985787,0.10430418534410874
112,DZA1,22-23,15/04/2023,USM Alger,MC Alger,1,0,0.608422553776772,0.27968353415101704,0.11189391207221094
113,DZA1,22-23,15/04/2023,JS Kabylie,MC Oran,1,0,0.5503251832241394,0.2597032506300228,0.18997156614583782
114,DZA1,22-23,15/04/2023,CR Belouizdad,RC Arbaa,2,0,0.8263816840544582,0.14933126791987925,0.024287048025662533
115,DZA1,22-23,22/04/2023,JS Saoura,USM Alger,1,0,0.6078590835998096,0.2719112629854006,0.12022965341478986
116,DZA1,22-23,22/04/2023,RC Arbaa,ASO Chlef,1,0,0.6761940553254143,0.20100819713955387,0.12279774753503181
117,DZA1,22-23,22/04/2023,Magra,CR Belouizdad,0,1,0.26719439166998515,0.28828669786655947,0.4445189104634554
118,DZA1,22-23,22/04/2023,Paradou AC,El Bayadh,1,0,0.47692832722785816,0.2872934671202489,0.23577820565189295
119,DZA1,22-23,22/04/2023,MC Alger,Khenchela,1,0,0.6403442432887657,0.23968761343956985,0.11996814327166444
120,DZA1,22-23,22/04/2023,Biskra,CS Constantine,1,0,0.45420803623822226,0.3234893502108204,0.22230261355095732
121,DZA1,22-23,22/04/2023,ES Setif,JS Kabylie,1,0,0.6664141794173986,0.2567569133328896,0.07682890724971186
122,DZA1,22-23,22/04/2023,MC Oran,Chelghoum Laid,2,0,0.9163954494400001,0.08776991032167748,-0.004165359761677548
123,ECU1,23-24,16/04/2023,Cumbaya FC,Gualaceo SC,1,0,0.6227606353878969,0.24004566701462257,0.13719369759748049
124,ECU1,23-24,16/04/2023,Delfin SC,Mushuc Runa,1,0,0.6102273919434166,0.2302030554934932,0.15956955256309022
125,ECU1,23-24,16/04/2023,Deportivo Cuenca,River Ecuador,1,0,0.6025999372050979,0.2309490366989587,0.16645102609594345
126,ECU1,23-24,16/04/2023,CS Emelec,El Nacional,1,0,0.5277086334465197,0.26096727310867196,0.2113240934448083
127,ECU1,23-24,16/04/2023,LDU Quito,FC Barcelona,1,1,0.5314034545253242,0.23385930360423005,0.23473724187044573
128,ECU1,23-24,16/04/2023,Libertad de Loja,Independiente del Valle,1,1,0.4862922660950814,0.21999088994473556,0.29371684396018294
129,ECU1,23-24,16/04/2023,Tecnico Universitario,SD Aucas,1,1,0.3769889613740939,0.2569350108498206,0.3660760277760855
130,ECU1,23-24,16/04/2023,Universidad Catolica,Orense,1,0,0.637019919883911,0.2177609768029935,0.14521910331309545
131,ECU1,23-24,23/04/2023,SD Aucas,Cumbaya FC,1,0,0.7184084065384769,0.19324962543695132,0.08834196802457175
132,ECU1,23-24,23/04/2023,FC Barcelona,Deportivo Cuenca,1,0,0.6043060092225963,0.25801086820972235,0.1376831225676814
133,ECU1,23-24,23/04/2023,El Nacional,Libertad de Loja,2,1,0.5231680613857033,0.21205567662073269,0.2647762619935641
134,ECU1,23-24,23/04/2023,Gualaceo SC,Universidad Catolica,1,1,0.35394819998086946,0.2627199842473097,0.38333181577182085
135,ECU1,23-24,23/04/2023,River Ecuador,Delfin SC,1,1,0.5672373094286616,0.2281500870865517,0.20461260348478671
136,ECU1,23-24,23/04/2023,Independiente del Valle,Tecnico Universitario,1,0,0.6401923636306551,0.2545398096690597,0.10526782670028517
137,ECU1,23-24,23/04/2023,Mushuc Runa,CS Emelec,1,1,0.3934841251397582,0.2872340831766584,0.31928179168358334
138,ECU1,23-24,23/04/2023,Orense,LDU Quito,1,1,0.47921338399205926,0.26120372538310915,0.2595828906248316
139,ENG1,22-23,15/04/2023,Aston Villa,Newcastle United,1,1,0.34532588354409566,0.26493745017709647,0.3897366662788079
140,ENG1,22-23,15/04/2023,Chelsea,Brighton,1,1,0.38362860909489754,0.25102971094193977,0.36534167996316275
141,ENG1,22-23,15/04/2023,Everton,Fulham,1,1,0.3351411824617222,0.2817026878078167,0.3831561297304611
142,ENG1,22-23,15/04/2023,Southampton,Crystal Palace,1,1,0.39163983519975726,0.2723133999098934,0.3360467648903494
143,ENG1,22-23,15/04/2023,Tottenham Hotspur,Bournemouth,2,0,0.7680479702529788,0.14492744906851435,0.08702458067850688
144,ENG1,22-23,15/04/2023,Wolverhampton,Brentford,1,1,0.3470408019605446,0.2631643156395225,0.3897948823999329
145,ENG1,22-23,15/04/2023,Nottingham Forest,Manchester United,1,1,0.44850103192571644,0.24542037922541338,0.3060785888488702
146,ENG1,22-23,16/04/2023,West Ham United,Arsenal,0,1,0.16507226259721525,0.23696780085838773,0.597959936544397
147,ENG1,22-23,16/04/2023,Manchester City,Leicester City,3,0,0.8168028462837855,0.11275690522430656,0.07044024849190791
148,ENG1,22-23,17/04/2023,Leeds United,Liverpool,1,1,0.4294506745224807,0.2536632958084983,0.3168860296690211
149,ENG1,22-23,21/04/2023,Arsenal,Southampton,2,0,0.833729358842931,0.1209722472090551,0.045298393948013924
150,ENG1,22-23,22/04/2023,Fulham,Leeds United,1,1,0.5548136821145395,0.22132867614836405,0.22385764173709644
151,ENG1,22-23,22/04/2023,Bournemouth,West Ham United,1,0,0.5191814994626943,0.2739043747032391,0.2069141258340666
152,ENG1,22-23,22/04/2023,Crystal Palace,Everton,1,0,0.5207091626683623,0.26484086722595007,0.21444997010568762
153,ENG1,22-23,22/04/2023,Brentford,Aston Villa,1,0,0.5972294634863489,0.22535898188702722,0.17741155462662392
154,ENG1,22-23,22/04/2023,Liverpool,Nottingham Forest,2,0,0.9027910965592929,0.08144882137581293,0.015760082064894168
155,ENG1,22-23,22/04/2023,Leicester City,Wolverhampton,1,0,0.5112684519371216,0.2613764343362059,0.22735511372667255
156,ENG1,22-23,22/04/2023,Manchester United,Chelsea,1,0,0.6659531541254757,0.22083381820763148,0.11321302766689278
157,ENG1,22-23,23/04/2023,Newcastle United,Tottenham Hotspur,1,0,0.5746740403952998,0.2284862431772142,0.19683971642748602
158,ENG1,22-23,23/04/2023,Brighton,Manchester City,1,1,0.32296680819348633,0.2577298449188143,0.4193033468876994
159,ENG2,22-23,14/04/2023,Middlesbrough,Norwich City,1,0,0.5299236162336187,0.25350961010508166,0.21656677366129962
160,ENG2,22-23,15/04/2023,Sheffield United,Cardiff City,1,0,0.6740601870586357,0.21263113206419668,0.11330868087716764
161,ENG2,22-23,15/04/2023,Sunderland,Birmingham City,1,1,0.46763906638014385,0.2583854045205306,0.27397552909932554
162,ENG2,22-23,15/04/2023,Blackpool,Wigan Athletic,1,1,0.42822976644911215,0.2656820364084568,0.3060881971424311
163,ENG2,22-23,15/04/2023,Millwall,Preston North End,1,0,0.49528061208514534,0.27144105007023617,0.23327833784461843
164,ENG2,22-23,15/04/2023,Reading,Burnley,1,1,0.2553849816213457,0.254211632484386,0.4904033858942683
165,ENG2,22-23,15/04/2023,Watford,Bristol City,1,0,0.5182153721188821,0.2559066741595959,0.22587795372152197
166,ENG2,22-23,15/04/2023,Queens Park Rangers,Coventry City,0,1,0.2654858511722988,0.271519248349232,0.46299490047846914
167,ENG2,22-23,15/04/2023,Rotherham United,Luton Town,1,1,0.3342807725993587,0.2711627031242563,0.3945565242763851
168,ENG2,22-23,15/04/2023,Stoke City,West Bromwich Albion,1,1,0.4256531521396419,0.2732199047858937,0.30112694307446447
169,ENG2,22-23,15/04/2023,Swansea City,Huddersfield Town,1,1,0.5227975160907085,0.24024027817777574,0.2369622057315158
170,ENG2,22-23,15/04/2023,Blackburn Rovers,Hull City,1,0,0.5290141626431509,0.2594940638380637,0.21149177351878534
171,ENG2,22-23,18/04/2023,Sunderland,Huddersfield Town,1,0,0.5182387629689751,0.2529977958798594,0.22876344115116554
172,ENG2,22-23,18/04/2023,Blackpool,West Bromwich Albion,1,1,0.3516068539133366,0.26579188957307454,0.3826012565135889
173,ENG2,22-23,18/04/2023,Rotherham United,Burnley,1,1,0.26172447897233375,0.24447336588073873,0.4938021551469275
174,ENG2,22-23,18/04/2023,Sheffield United,Bristol City,1,0,0.6139114809957219,0.21983680355417345,0.16625171545010464
175,ENG2,22-23,18/04/2023,Stoke City,Wigan Athletic,1,0,0.5077178426957962,0.2641187401292614,0.22816341717494237
176,ENG2,22-23,18/04/2023,Millwall,Birmingham City,1,0,0.5702143474998962,0.24268237893763553,0.18710327356246828
177,ENG2,22-23,19/04/2023,Blackburn Rovers,Coventry City,1,0,0.4464527775524128,0.2841621789635785,0.26938504348400877
178,ENG2,22-23,19/04/2023,Watford,Cardiff City,1,0,0.5777535343518816,0.2588660851590044,0.16338038048911402
179,ENG2,22-23,19/04/2023,Queens Park Rangers,Norwich City,0,1,0.2548518670875548,0.26776015608796555,0.47738797682447964
180,ENG2,22-23,19/04/2023,Swansea City,Preston North End,1,1,0.4012958380201652,0.2628352737006035,0.3358688882792313
181,ENG2,22-23,19/04/2023,Middlesbrough,Hull City,1,0,0.6188650820975896,0.2239842609354981,0.1571506569669123
182,ENG2,22-23,19/04/2023,Reading,Luton Town,1,1,0.32911037844350094,0.28383809199603793,0.38705152956046107
183,ENG3,22-23,15/04/2023,Exeter City,Plymouth Argyle,1,1,0.4163853142794419,0.24692019311627558,0.3366944926042825
184,ENG3,22-23,15/04/2023,Cambridge,Peterborough United,1,1,0.2619490704042474,0.25985474191411334,0.47819618768163924
185,ENG3,22-23,15/04/2023,Accrington,Fleetwood Town,0,1,0.26408976981218,0.26746234959042076,0.4684478805973992
186,ENG3,22-23,15/04/2023,Bristol Rovers,Derby County,1,1,0.31758630415033307,0.26496377700228396,0.417449918847383
187,ENG3,22-23,15/04/2023,Burton,Sheffield Wednesday,0,1,0.24088470926487043,0.26162537001018427,0.49748992072494524
188,ENG3,22-23,15/04/2023,Morecambe,Wycombe Wanderers,1,1,0.2833359515625442,0.2732114798570626,0.44345256858039317
189,ENG3,22-23,15/04/2023,Forest Green,Barnsley,0,1,0.10828217739586794,0.22183995562253303,0.669877866981599
190,ENG3,22-23,15/04/2023,Ipswich Town,Charlton Athletic,2,0,0.6889057225284209,0.19594596225472372,0.11514831521685542
191,ENG3,22-23,15/04/2023,Lincoln,Port Vale,1,0,0.5179917804065184,0.2764164777647083,0.20559174182877332
192,ENG3,22-23,15/04/2023,Milton Keynes Dons,Cheltenham,1,0,0.37253055629804804,0.3009745269273482,0.3264949167746037
193,ENG3,22-23,15/04/2023,Oxford United,Bolton,1,1,0.27670760049124116,0.2645372153560391,0.4587551841527197
194,ENG3,22-23,15/04/2023,Shrewsbury Town,Portsmouth,1,1,0.42899253937816245,0.25991390730900177,0.31109355331283584
195,ENG3,22-23,18/04/2023,Accrington,Peterborough United,1,1,0.2508870250396796,0.24175247203487754,0.5073605029254429
196,ENG3,22-23,18/04/2023,Bristol Rovers,Sheffield Wednesday,0,1,0.21214794913647758,0.256080986818814,0.5317710640447084
197,ENG3,22-23,18/04/2023,Burton,Bolton,1,1,0.29609962825124764,0.26334292835810785,0.44055744339064457
198,ENG3,22-23,18/04/2023,Cambridge,Wycombe Wanderers,0,1,0.23417598154137648,0.2827264605364892,0.4830975579221344
199,ENG3,22-23,18/04/2023,Exeter City,Derby County,1,1,0.4861919989865986,0.25573381010194784,0.25807419091145356
200,ENG3,22-23,18/04/2023,Forest Green,Fleetwood Town,0,1,0.19463818513815986,0.2589264292543317,0.5464353856075084
201,ENG3,22-23,18/04/2023,Ipswich Town,Port Vale,2,0,0.7814500998010527,0.15566272224169828,0.06288717795724899
202,ENG3,22-23,18/04/2023,Lincoln,Barnsley,0,1,0.24331922496571717,0.3086069081539443,0.44807386688033846
203,ENG3,22-23,18/04/2023,Milton Keynes Dons,Charlton Athletic,1,1,0.3058690837387638,0.2823601195148746,0.4117707967463615
204,ENG3,22-23,18/04/2023,Oxford United,Portsmouth,1,1,0.31072800971445197,0.26330345168183417,0.4259685386037138
205,ENG3,22-23,18/04/2023,Shrewsbury Town,Plymouth Argyle,1,1,0.3833171516260276,0.24826351642874067,0.3684193319452317
206,ENG4,22-23,15/04/2023,Carlisle,Northampton Town,1,1,0.3899652998947563,0.2781726748340265,0.3318620252712172
207,ENG4,22-23,15/04/2023,Crawley Town,Tranmere,1,1,0.4354635265761982,0.2698071806748776,0.2947292927489243
208,ENG4,22-23,15/04/2023,Crewe Alexandra,Walsall,1,0,0.40815143213261545,0.2924410964024,0.2994074714649846
209,ENG4,22-23,15/04/2023,Gillingham,Stockport County,0,1,0.2779918804479932,0.30213615974140207,0.41987195981060466
210,ENG4,22-23,15/04/2023,Stevenage,AFC Wimbledon,1,0,0.5954290216948337,0.24307550379262413,0.16149547451254218
211,ENG4,22-23,15/04/2023,Grimsby,Mansfield Town,1,1,0.30474937378595685,0.2840770969966881,0.4111735292173551
212,ENG4,22-23,15/04/2023,Harrogate Town,Doncaster Rovers,1,1,0.46318062747698613,0.26345481552088384,0.2733645570021301
213,ENG4,22-23,15/04/2023,Newport County,Hartlepool,1,1,0.4752223333826407,0.25703165399448574,0.2677460126228736
214,ENG4,22-23,15/04/2023,Rochdale,Bradford,0,1,0.21758419147544872,0.2676529699800462,0.5147628385445051
215,ENG4,22-23,15/04/2023,Salford City,Colchester,1,0,0.5415509055535764,0.2600898004805951,0.19835929396582846
216,ENG4,22-23,15/04/2023,Sutton United,Leyton Orient,1,0,0.3835285941924947,0.2979233700003602,0.3185480358071452
217,ENG4,22-23,15/04/2023,Swindon Town,Barrow,1,0,0.49432118226030564,0.2658676701812777,0.23981114755841665
218,ENG4,22-23,18/04/2023,Carlisle,Stockport County,1,1,0.39975389623143204,0.281319002545495,0.318927101223073
219,ENG4,22-23,18/04/2023,Crawley Town,Colchester,1,1,0.4527365128189269,0.2558990213074252,0.2913644658736479
220,ENG4,22-23,18/04/2023,Gillingham,Leyton Orient,0,1,0.28943740123353007,0.3106847842057321,0.3998778145607378
221,ENG4,22-23,18/04/2023,Stevenage,Doncaster Rovers,1,0,0.6480741697412801,0.22187836858253385,0.13004746167618608
222,ENG4,22-23,18/04/2023,Grimsby,Barrow,1,0,0.4252475175071028,0.2866747665814195,0.2880777159114776
223,ENG4,22-23,18/04/2023,Harrogate Town,Walsall,1,1,0.3817460781949649,0.28404418295534756,0.3342097388496876
224,ENG4,22-23,18/04/2023,Newport County,Mansfield Town,1,1,0.2867489237428603,0.2779846032832436,0.4352664729738961
225,ENG4,22-23,18/04/2023,Rochdale,Tranmere,1,1,0.33972745560498663,0.2903131756541604,0.36995936874085295
226,ENG4,22-23,18/04/2023,Salford City,Hartlepool,1,0,0.5845137069286555,0.2312758745543506,0.18421041851699393
227,ENG4,22-23,18/04/2023,Sutton United,Northampton Town,1,1,0.36020831927683333,0.2884250778953423,0.35136660282782445
228,ENG4,22-23,18/04/2023,Swindon Town,Bradford,1,1,0.35622618362523684,0.28957108953505795,0.3542027268397052
229,ENG5,22-23,15/04/2023,Aldershot,Scunthorpe United,1,1,0.5422691303200309,0.23473744207316052,0.2229934276068086
230,ENG5,22-23,15/04/2023,Boreham Wood,Wealdstone,1,0,0.5695561725222728,0.2526533654370644,0.17779046204066284
231,ENG5,22-23,15/04/2023,Dorking Wanderers,Altrincham,2,1,0.4882834828342081,0.2136210652480967,0.2980954519176952
232,ENG5,22-23,15/04/2023,Barnet,Wrexham,1,1,0.26312851610503446,0.22931361418556379,0.5075578697094016
233,ENG5,22-23,15/04/2023,Chesterfield,Eastleigh,1,0,0.5753101930033432,0.23176300247378154,0.19292680452287528
234,ENG5,22-23,15/04/2023,Gateshead,Bromley,1,1,0.37320651319943055,0.2522892044054998,0.37450428239506967
235,ENG5,22-23,15/04/2023,Halifax,Maidstone,2,0,0.711468742582729,0.17813452854640574,0.1103967288708653
236,ENG5,22-23,15/04/2023,Notts County,Woking,1,0,0.6437292172306276,0.21210607887984195,0.14416470388953045
237,ENG5,22-23,15/04/2023,Oldham Athletic,Maidenhead United,1,1,0.5582017917522621,0.22910280063171606,0.2126954076160218
238,ENG5,22-23,15/04/2023,Solihull,Yeovil Town,1,0,0.5913760167570176,0.23929666038754335,0.16932732285543908
239,ENG5,22-23,15/04/2023,Southend,Dagenham and Redbridge,1,0,0.5533260403881881,0.24171320542737196,0.20496075418443993
240,ENG5,22-23,15/04/2023,Torquay,York City,1,1,0.396527496611394,0.24747322230966906,0.35599928107893686
241,ENG5,22-23,18/04/2023,Wrexham,Yeovil Town,2,0,0.8744315197935802,0.09810471922546418,0.02746376098095557
242,ENG5,22-23,18/04/2023,Gateshead,Dorking Wanderers,1,1,0.5453513235668103,0.2195407487836287,0.23510792764956104
243,ENG5,22-23,18/04/2023,Oldham Athletic,Southend,1,1,0.45739280801635995,0.25843205863014,0.28417513335350003
244,ENG5,22-23,18/04/2023,Chesterfield,Torquay,1,0,0.6740882564889286,0.20379856742910749,0.12211317608196395
245,ENG5,22-23,18/04/2023,Halifax,Bromley,1,1,0.410189246567038,0.26237454738617194,0.32743620604679
246,ENG5,22-23,18/04/2023,Altrincham,Dagenham and Redbridge,1,1,0.543385007634646,0.22915606753947007,0.2274589248258839
247,ENG5,22-23,18/04/2023,Barnet,Solihull,1,1,0.5348663597275176,0.22372741987262706,0.24140622039985532
248,FRA1,22-23,14/04/2023,Toulouse,Olympique Lyonnais,1,1,0.36296287404340566,0.2382984915935201,0.3987386343630742
249,FRA1,22-23,15/04/2023,Rennes,Stade de Reims,1,0,0.5061820096225222,0.2645201152663291,0.22929787511114863
250,FRA1,22-23,15/04/2023,Paris Saint-Germain,Lens,1,1,0.48006365862159683,0.24862994040138456,0.27130640097701864
251,FRA1,22-23,16/04/2023,Lille,Montpellier,2,1,0.5896976145086029,0.20207629253420833,0.20822609295718875
252,FRA1,22-23,16/04/2023,Auxerre,Nantes,1,1,0.36833746591262473,0.2759462262045265,0.35571630788284875
253,FRA1,22-23,16/04/2023,Clermont,Angers SCO,1,0,0.6376711255457411,0.21287531653339264,0.14945355792086623
254,FRA1,22-23,16/04/2023,RC Strasbourg,AC Ajaccio,1,0,0.5938286001648093,0.22544858118535085,0.18072281864983983
255,FRA1,22-23,16/04/2023,Brest,Nice,1,1,0.2478856344568169,0.25488006618029396,0.49723429936288915
256,FRA1,22-23,16/04/2023,Monaco,Lorient,2,1,0.5744686334733822,0.2027064074625648,0.22282495906405303
257,FRA1,22-23,16/04/2023,Olympique Marseille,Troyes,2,0,0.7382506901457718,0.15307904580049653,0.10867026405373165
258,FRA1,22-23,21/04/2023,Angers SCO,Paris Saint-Germain,0,2,0.06215950163824732,0.13502500660135242,0.8028154917604002
259,FRA1,22-23,22/04/2023,Auxerre,Lille,0,1,0.17514475682069328,0.23837968474037405,0.5864755584389326
260,FRA1,22-23,22/04/2023,Lens,Monaco,1,1,0.46798905003687685,0.24259091072946398,0.28942003923365917
261,FRA1,22-23,23/04/2023,Stade de Reims,RC Strasbourg,2,0,0.6546860217500351,0.19624104707430456,0.14907293117566034
262,FRA1,22-23,23/04/2023,AC Ajaccio,Brest,1,1,0.29388796782874416,0.27019091630362896,0.4359211158676269
263,FRA1,22-23,23/04/2023,Lorient,Toulouse,1,1,0.5685433484323369,0.2221897506308501,0.209266900936813
264,FRA1,22-23,23/04/2023,Nantes,Troyes,2,1,0.601168419927564,0.2056260476799646,0.19320553239247143
265,FRA1,22-23,23/04/2023,Nice,Clermont,1,0,0.5466622310361307,0.2676182679736368,0.18571950099023254
266,FRA1,22-23,23/04/2023,Montpellier,Rennes,1,1,0.40383871748885725,0.25133624409203675,0.344825038419106
267,FRA1,22-23,23/04/2023,Olympique Lyonnais,Olympique Marseille,1,1,0.28834401425242795,0.26790908914886596,0.4437468965987061
268,FRA2,22-23,15/04/2023,FC Metz,Bordeaux,1,1,0.4030243526399443,0.28706718106301976,0.30990846629703594
269,FRA2,22-23,15/04/2023,Guingamp,Amiens SC,1,1,0.43628315046082133,0.26651708831390253,0.29719976122527614
270,FRA2,22-23,15/04/2023,Sochaux,FC Pau,1,0,0.6393139727703022,0.23428387239964765,0.12640215483005013
271,FRA2,22-23,15/04/2023,Valenciennes,Chamois Niortais,1,0,0.5687906902104873,0.2348409100712211,0.19636839971829156
272,FRA2,22-23,15/04/2023,Nimes Olympique,Havre AC,0,1,0.22499968678386728,0.2983765369772339,0.47662377623889884
273,FRA2,22-23,15/04/2023,Rodez AF,Laval,1,1,0.43142232668024105,0.2669729187580139,0.30160475456174507
274,FRA2,22-23,15/04/2023,SC Bastia,Annecy,1,0,0.5556688518413558,0.249882899243525,0.19444824891511917
275,FRA2,22-23,15/04/2023,Caen,Paris FC,1,0,0.5008761235593826,0.274125221221884,0.2249986552187334
276,FRA2,22-23,15/04/2023,US Quevilly,Dijon,1,0,0.5780495227774264,0.24440177559398002,0.1775487016285936
277,FRA2,22-23,17/04/2023,Grenoble,St Etienne,1,0,0.47128083250921393,0.2683518649019473,0.2603673025888388
278,FRA2,22-23,22/04/2023,St Etienne,FC Metz,1,1,0.3220275183551708,0.2496074608834609,0.4283650207613683
279,FRA2,22-23,22/04/2023,Havre AC,US Quevilly,1,0,0.6261910930297137,0.2680339720764588,0.10577493489382755
280,FRA2,22-23,22/04/2023,Dijon,SC Bastia,1,1,0.3586682622807089,0.2847459865675009,0.3565857511517902
281,FRA2,22-23,22/04/2023,Annecy,Rodez AF,1,0,0.3459843915921598,0.30850827786642443,0.3455073305414157
282,FRA2,22-23,22/04/2023,Chamois Niortais,Caen,1,1,0.35579054223999296,0.2633794442759219,0.38083001348408513
283,FRA2,22-23,22/04/2023,Paris FC,Nimes Olympique,1,1,0.5123265985973326,0.24970794760860313,0.23796545379406422
284,FRA2,22-23,22/04/2023,FC Pau,Guingamp,1,1,0.32331742545817177,0.28941509302875496,0.3872674815130733
285,FRA2,22-23,22/04/2023,Amiens SC,Valenciennes,1,0,0.503451744512138,0.2880147660439875,0.20853348944387445
286,FRA2,22-23,22/04/2023,Laval,Sochaux,1,1,0.3185252338770144,0.26610854179480825,0.4153662243281774
287,FRA3,22-23,14/04/2023,Nancy,Red Star,0,1,0.27409054674110694,0.30075995399377237,0.42514949926512063
288,FRA3,22-23,14/04/2023,Bastia-Borgo,CS Sedan,1,1,0.30221992025213135,0.23711427106166522,0.4606658086862034
289,FRA3,22-23,14/04/2023,Bourg Peronnas,Le Puy,1,1,0.43345508077602657,0.25491718736502533,0.3116277318589481
290,FRA3,22-23,14/04/2023,Le Mans,LB Chateauroux,1,0,0.5770254378031642,0.2531129028020115,0.16986165939482434
291,FRA3,22-23,14/04/2023,SO Cholet,Briochin,1,1,0.42718363797108955,0.270381561480823,0.3024348005480874
292,FRA3,22-23,14/04/2023,US Concarneau,Paris 13 Atletico,1,0,0.6280291974600666,0.2524435230531613,0.11952727948677211
293,FRA3,22-23,14/04/2023,Orleans,FC Martigues,1,1,0.37111961969788165,0.29634769926783444,0.3325326810342839
294,FRA3,22-23,14/04/2023,USL Dunkerque,US Avranches,1,0,0.45634617453206866,0.27313801681358363,0.27051580865434766
295,FRA3,22-23,14/04/2023,FC Versailles,Villefranche Beaujolais,1,0,0.5319515607484716,0.25163607616885797,0.21641236308267042
296,FRA3,22-23,21/04/2023,Bourg Peronnas,Le Mans,1,1,0.469742470673041,0.2501262009340296,0.2801313283929294
297,FRA3,22-23,21/04/2023,CS Sedan,FC Versailles,1,1,0.3842937848651459,0.2854275754483982,0.3302786396864558
298,FRA3,22-23,21/04/2023,FC Martigues,USL Dunkerque,1,1,0.45061943898853796,0.2543103113630021,0.29507024964845996
299,FRA3,22-23,21/04/2023,Red Star,Bastia-Borgo,1,0,0.6116668083474597,0.23701085298212887,0.15132233867041145
300,FRA3,22-23,21/04/2023,Le Puy,Orleans,1,1,0.3563529575119019,0.2841355730924795,0.3595114693956186
301,FRA3,22-23,21/04/2023,Paris 13 Atletico,Nancy,1,0,0.39628718228877036,0.3062904097993056,0.29742240791192404
302,FRA3,22-23,21/04/2023,Briochin,LB Chateauroux,0,1,0.32614311289904135,0.3119005163158297,0.361956370785129
303,FRA3,22-23,21/04/2023,US Avranches,US Concarneau,1,1,0.43645042452386884,0.24606881639518982,0.3174807590809413
304,FRA3,22-23,21/04/2023,Villefranche Beaujolais,SO Cholet,1,1,0.46897513042613864,0.2583200798725032,0.2727047897013581
305,GER1,22-23,14/04/2023,Schalke 04,Hertha Berlin,1,1,0.4481095404769893,0.2321918007338033,0.31969865878920745
306,GER1,22-23,15/04/2023,VfB Stuttgart,Dortmund,1,1,0.31113682582893115,0.24983436089361896,0.4390288132774499
307,GER1,22-23,15/04/2023,FC Koln,Mainz 05,1,1,0.41910448427980523,0.24543286042269485,0.33546265529749986
308,GER1,22-23,15/04/2023,Bayern Munich,Hoffenheim,2,0,0.8167210551792052,0.11773526151607837,0.0655436833047164
309,GER1,22-23,15/04/2023,RB Leipzig,Augsburg,2,1,0.6840928295031343,0.17262983001441223,0.14327734048245344
310,GER1,22-23,15/04/2023,Eintracht Frankfurt,Monchengladbach,2,0,0.6858757249143531,0.18118447873599366,0.13293979634965322
311,GER1,22-23,16/04/2023,Werder Bremen,Freiburg,1,1,0.41130753208907234,0.2329471421179712,0.3557453257929565
312,GER1,22-23,16/04/2023,Union Berlin,Bochum,2,0,0.8290818819403383,0.12783227216774726,0.04308584589191447
313,GER1,22-23,16/04/2023,Wolfsburg,Leverkusen,2,1,0.4780397570720244,0.2154638891000253,0.30649635382795026
314,GER1,22-23,21/04/2023,Augsburg,VfB Stuttgart,1,0,0.556284229821898,0.23309040267319345,0.2106253675049086
315,GER1,22-23,22/04/2023,Mainz 05,Bayern Munich,1,1,0.30250715351278706,0.22368214259681307,0.4738107038903999
316,GER1,22-23,22/04/2023,Hoffenheim,FC Koln,1,1,0.5219640226263137,0.22269180716271397,0.25534417021097233
317,GER1,22-23,22/04/2023,Bochum,Wolfsburg,1,1,0.2858821278371206,0.24822109102929957,0.4658967811335798
318,GER1,22-23,22/04/2023,Hertha Berlin,Werder Bremen,1,1,0.505011894882065,0.22026229458295524,0.2747258105349798
319,GER1,22-23,22/04/2023,Dortmund,Eintracht Frankfurt,2,1,0.6990878204765256,0.16679931284173632,0.13411286668173805
320,GER1,22-23,23/04/2023,Freiburg,Schalke 04,1,0,0.6962433689710267,0.21233970562340257,0.09141692540557075
321,GER1,22-23,23/04/2023,Leverkusen,RB Leipzig,1,1,0.49205638081927466,0.22291212741114058,0.2850314917695848
322,GER1,22-23,23/04/2023,Monchengladbach,Union Berlin,1,1,0.46817132694683516,0.2330296847621415,0.29879898829102336
323,GER2,22-23,14/04/2023,Hannover 96,Heidenheim,1,1,0.3666430276893536,0.26077335119678613,0.37258362111386034
324,GER2,22-23,14/04/2023,Greuther Furth,Jahn Regensburg,1,0,0.5779398087980201,0.23139336068282879,0.19066683051915112
325,GER2,22-23,15/04/2023,Holstein Kiel,Nurnberg,1,1,0.5726085088569993,0.22136557620505043,0.20602591493795025
326,GER2,22-23,15/04/2023,Paderborn,Hansa Rostock,2,0,0.6939690448125976,0.18061534043157468,0.12541561475582774
327,GER2,22-23,15/04/2023,Magdeburg,Sandhausen,1,0,0.5217781171141949,0.25135404838022407,0.22686783450558107
328,GER2,22-23,15/04/2023,Kaiserslautern,Hamburger SV,1,1,0.37845485280100005,0.22991918170021008,0.3916259654987898
329,GER2,22-23,16/04/2023,Karlsruher SC,Arminia Bielefeld,1,1,0.4781392681410175,0.23080582824190132,0.2910549036170812
330,GER2,22-23,16/04/2023,Fortuna Dusseldorf,Darmstadt 98,1,1,0.45128532930249793,0.2465704900832575,0.30214418061424464
331,GER2,22-23,16/04/2023,St Pauli,Braunschweig,2,0,0.7198581907796227,0.18882082745867648,0.09132098176170086
332,GER2,22-23,21/04/2023,Hamburger SV,St Pauli,1,1,0.5130502080074156,0.23161254859560726,0.2553372433969771
333,GER2,22-23,21/04/2023,Darmstadt 98,Karlsruher SC,1,0,0.5892255601329883,0.22833390203691742,0.18244053783009426
334,GER2,22-23,22/04/2023,Hansa Rostock,Greuther Furth,1,1,0.3741298719743214,0.25442188385406383,0.3714482441716148
335,GER2,22-23,22/04/2023,Nurnberg,Fortuna Dusseldorf,1,1,0.37166874584791726,0.2775954549866412,0.3507357991654415
336,GER2,22-23,22/04/2023,Arminia Bielefeld,Hannover 96,1,1,0.45227421083153707,0.24466341743765335,0.3030623717308096
337,GER2,22-23,22/04/2023,Braunschweig,Magdeburg,1,1,0.4782866680916395,0.2259745926459462,0.29573873926241423
338,GER2,22-23,23/04/2023,Sandhausen,Paderborn,1,1,0.25059297904328864,0.24247007410110882,0.5069369468556026
339,GER2,22-23,23/04/2023,Heidenheim,Holstein Kiel,2,1,0.6596379532503344,0.17638060563966312,0.1639814411100025
340,GER2,22-23,23/04/2023,Jahn Regensburg,Kaiserslautern,1,1,0.27748585271773873,0.2666723180701976,0.4558418292120637
341,GER3,22-23,14/04/2023,Saarbrucken,Dynamo Dresden,1,1,0.3880141979953319,0.2460557666817688,0.36593003532289936
342,GER3,22-23,15/04/2023,Ingolstadt,VfB Oldenburg,1,1,0.4510735299106916,0.2669371869782331,0.2819892831110753
343,GER3,22-23,15/04/2023,Wehen Wiesbaden,Munich 1860,1,1,0.5549428117200168,0.21874779581815015,0.22630939246183304
344,GER3,22-23,15/04/2023,Osnabruck,Elversberg,1,1,0.3705457675687049,0.2463412263875506,0.38311300604374443
345,GER3,22-23,15/04/2023,Dortmund II,SV Meppen,1,0,0.5298939140113694,0.25637821492260726,0.2137278710660233
346,GER3,22-23,15/04/2023,SpVgg Bayreuth,Hallescher FC,1,1,0.4721388272577448,0.23737358432731248,0.2904875884149427
347,GER3,22-23,15/04/2023,Erzgebirge Aue,Verl,1,1,0.44564497527675634,0.2544151177302999,0.2999399069929437
348,GER3,22-23,16/04/2023,Freiburg II,Zwickau,2,0,0.7588698847504375,0.16451711433382823,0.07661300091573428
349,GER3,22-23,16/04/2023,RW Essen,Mannheim,1,1,0.520465455956015,0.2264085883290593,0.2531259557149257
350,GER3,22-23,17/04/2023,Viktoria Koln,MSV Duisburg,1,1,0.4701010809607171,0.24830174769594032,0.28159717134334256
351,GER3,22-23,21/04/2023,Hallescher FC,Osnabruck,1,1,0.33026761785576414,0.23096513298826435,0.43876724915597143
352,GER3,22-23,22/04/2023,MSV Duisburg,Wehen Wiesbaden,1,1,0.3552674466876646,0.23702202409356282,0.40771052921877254
353,GER3,22-23,22/04/2023,Elversberg,Erzgebirge Aue,2,0,0.6869962088913305,0.1835143400114726,0.1294894510971969
354,GER3,22-23,22/04/2023,Viktoria Koln,Ingolstadt,1,1,0.47089150618162484,0.2375189376632809,0.2915895561550943
355,GER3,22-23,22/04/2023,Dynamo Dresden,Mannheim,2,1,0.6498432561282128,0.1857961602403528,0.16436058363143438
356,GER3,22-23,22/04/2023,VfB Oldenburg,Freiburg II,1,1,0.22667316491681588,0.22354695372910727,0.5497798813540768
357,GER3,22-23,22/04/2023,Munich 1860,SpVgg Bayreuth,2,0,0.6486408423082121,0.20047973174091038,0.15087942595087755
358,GER3,22-23,23/04/2023,SV Meppen,Saarbrucken,0,1,0.20140425057431333,0.22858659759263975,0.5700091518330469
359,GER3,22-23,23/04/2023,Zwickau,RW Essen,1,1,0.39033215653913733,0.26695663640973166,0.342711207051131
360,GER3,22-23,24/04/2023,Verl,Dortmund II,1,1,0.5504180856664936,0.2321839435923709,0.21739797074113545
361,GRE1,22-23,22/04/2023,Levadeiakos,Ionikos,1,0,0.5347598869725514,0.2807916365468203,0.1844484764806283
362,GRE1,22-23,22/04/2023,OFI Heraklion,Asteras Tripolis,1,0,0.4803801464251533,0.29548781725792683,0.2241320363169198
363,GRE1,22-23,22/04/2023,Giannina,Panetolikos,1,1,0.41210113383353053,0.26215455468386606,0.3257443114826034
364,GRE1,22-23,22/04/2023,Lamia FC,Atromitos,1,1,0.33809251356257625,0.27184761464766233,0.39005987178976137
365,GRE1,22-23,22/04/2023,Volos NFC,Aris,1,1,0.3527061623216718,0.2571438926401384,0.3901499450381897
366,GRE1,22-23,22/04/2023,Olympiakos Piraeus,AEK,1,0,0.5365395330501348,0.2468801376031292,0.216580329346736
367,GRE1,22-23,22/04/2023,PAOK,Panathinaikos,1,0,0.4311430890337581,0.30006401176966996,0.26879289919657195
368,GRE1,22-23,26/04/2023,AEK,PAOK,1,0,0.5246929162379853,0.26354604378648955,0.21176103997552514
369,GRE1,22-23,26/04/2023,Aris,Olympiakos Piraeus,1,1,0.3006759102543261,0.26454468244921564,0.4347794072964582
370,GRE1,22-23,26/04/2023,Volos NFC,Panathinaikos,0,1,0.15108557055203156,0.22841680692728347,0.620497622520685
371,HOL1,22-23,14/04/2023,Excelsior,Go Ahead Eagles,1,1,0.3604115747521471,0.24251938212843757,0.3970690431194154
372,HOL1,22-23,15/04/2023,Waalwijk,Groningen,2,0,0.7769914678091343,0.1467486696095991,0.0762598625812666
373,HOL1,22-23,15/04/2023,Sparta Rotterdam,Heerenveen,1,0,0.5410441947929014,0.24590889752266049,0.21304690768443807
374,HOL1,22-23,16/04/2023,NEC Nijmegen,Vitesse,1,0,0.5838305853495064,0.22138921480424772,0.1947801998462459
375,HOL1,22-23,16/04/2023,Utrecht,Twente Enschede,1,0,0.40014067806578374,0.31283207243911976,0.28702724949509656
376,HOL1,22-23,16/04/2023,Volendam,PSV Eindhoven,1,2,0.2516624205794987,0.20494243790517047,0.5433951415153309
377,HOL1,22-23,16/04/2023,For Sittard,AZ Alkmaar,1,1,0.2280806338495685,0.22731275315223431,0.5446066129981972
378,HOL1,22-23,16/04/2023,Cambuur,Feyenoord Rotterdam,0,2,0.058306700968053085,0.12563757974415501,0.8160557192877919
379,HOL1,22-23,16/04/2023,Ajax Amsterdam,FC Emmen,3,0,0.8886048060769841,0.08478321353351548,0.02661198038950041
380,HOL1,22-23,19/04/2023,Go Ahead Eagles,Waalwijk,1,1,0.5087742363294957,0.23581684480592702,0.2554089188645773
381,HOL1,22-23,21/04/2023,Volendam,Cambuur,2,1,0.5803945544525997,0.21384175294612393,0.2057636926012764
382,HOL1,22-23,22/04/2023,Heerenveen,FC Emmen,1,1,0.5829001837087209,0.22042129411749325,0.19667852217378587
383,HOL1,22-23,22/04/2023,Groningen,NEC Nijmegen,0,1,0.2497258452933581,0.2620170060967707,0.48825714860987124
384,HOL1,22-23,22/04/2023,Vitesse,Excelsior,2,1,0.6400414249445452,0.1933098943294244,0.16664868072603042
385,HOL1,22-23,23/04/2023,Twente Enschede,Sparta Rotterdam,1,0,0.6223926030024781,0.21747603225772313,0.16013136473979875
386,HOL1,22-23,23/04/2023,Go Ahead Eagles,For Sittard,1,1,0.5050609965501069,0.23131357161498114,0.26362543183491194
387,HOL1,22-23,23/04/2023,PSV Eindhoven,Ajax Amsterdam,2,1,0.5563846591911888,0.1972614080469772,0.24635393276183395
388,HOL1,22-23,23/04/2023,Feyenoord Rotterdam,Utrecht,2,0,0.7237009842654328,0.16174559482087625,0.11455342091369092
389,HOL1,22-23,23/04/2023,AZ Alkmaar,Waalwijk,2,0,0.6660722296746803,0.19146192431267295,0.14246584601264678
390,ISR1,22-23,15/04/2023,Hapoel Haifa,Hapoel Tel Aviv,1,0,0.5479635170340293,0.2722028582246198,0.17983362474135084
391,ISR1,22-23,15/04/2023,Hapoel Hadera,Ironi Kiryat Shmona,1,1,0.35275664189597905,0.2795473200791252,0.3676960380248957
392,ISR1,22-23,15/04/2023,FS Ness Ziona,Maccabi Bnei Raina FC,1,1,0.35559786258666676,0.2558518616086402,0.3885502758046931
393,ISR1,22-23,15/04/2023,Hapoel Jerusalem,Maccabi Haifa,0,1,0.23259639716763897,0.25933915529463547,0.5080644475377255
394,ISR1,22-23,15/04/2023,Maccabi Tel Aviv,FC Ashdod,2,0,0.7656527643959613,0.16267466882984413,0.07167256677419456
395,ISR1,22-23,16/04/2023,Bnei Sachnin FC,Beitar Jerusalem,1,1,0.3991113230973749,0.2652303558883385,0.33565832101428666
396,ISR1,22-23,16/04/2023,Maccabi Netanya,Hapoel Beer Sheva,0,1,0.19615331412989137,0.26138710174697705,0.5424595841231317
397,ISR1,22-23,22/04/2023,Hapoel Tel Aviv,Maccabi Bnei Raina FC,1,1,0.5200841325989208,0.24478918195249202,0.23512668544858714
398,ISR1,22-23,22/04/2023,Ironi Kiryat Shmona,FS Ness Ziona,1,1,0.4845872479812012,0.24488159347937466,0.2705311585394241
399,ISR1,22-23,22/04/2023,Hapoel Haifa,Bnei Sachnin FC,1,0,0.4225055629237359,0.3209330187533405,0.2565614183229235
400,ISR1,22-23,22/04/2023,Hapoel Jerusalem,Hapoel Beer Sheva,0,1,0.14228148591447232,0.23217198602386938,0.6255465280616583
401,ISR1,22-23,22/04/2023,Maccabi Netanya,Maccabi Tel Aviv,0,1,0.24717145286889947,0.28306370191749136,0.4697648452136091
402,ISR1,22-23,23/04/2023,Beitar Jerusalem,Hapoel Hadera,1,1,0.46775703377391104,0.234183121258137,0.298059844967952
403,ISR1,22-23,23/04/2023,FC Ashdod,Maccabi Haifa,1,1,0.38569361187324247,0.2707743687368009,0.34353201938995664
404,ITA1,22-23,14/04/2023,Cremonese,Empoli,1,1,0.2786193433820221,0.2742926316028485,0.4470880250151294
405,ITA1,22-23,14/04/2023,Spezia,Lazio,0,1,0.14839718701170518,0.24808785834226382,0.603514954646031
406,ITA1,22-23,15/04/2023,Bologna,AC Milan,1,0,0.45207545133786337,0.27747913493947163,0.27044541372266506
407,ITA1,22-23,15/04/2023,Napoli,Hellas Verona,2,0,0.8366548833309666,0.13073128194528147,0.03261383472375193
408,ITA1,22-23,15/04/2023,Internazionale Milano,Monza,1,0,0.6727007893957528,0.21176767592939524,0.11553153467485192
409,ITA1,22-23,16/04/2023,Lecce,Sampdoria,1,0,0.5645611540346732,0.243537818427642,0.1919010275376848
410,ITA1,22-23,16/04/2023,Torino,Salernitana,1,0,0.5822524717873321,0.2476502464202654,0.17009728179240252
411,ITA1,22-23,16/04/2023,Sassuolo,Juventus,1,1,0.3357057953601654,0.3028851216728311,0.36140908296700347
412,ITA1,22-23,16/04/2023,Roma,Udinese,1,0,0.572850518172974,0.2612473549644752,0.16590212686255074
413,ITA1,22-23,17/04/2023,Fiorentina,Atalanta,1,1,0.35241385361238164,0.26037604431341727,0.3872101020742011
414,ITA1,22-23,21/04/2023,Hellas Verona,Bologna,1,1,0.3811488748858688,0.24596068954295536,0.37289043557117585
415,ITA1,22-23,22/04/2023,Salernitana,Sassuolo,1,1,0.42513288563862295,0.2448176699576285,0.33004944440374856
416,ITA1,22-23,22/04/2023,Lazio,Torino,1,0,0.5904258269922602,0.23161427172278914,0.17795990128495065
417,ITA1,22-23,22/04/2023,Sampdoria,Spezia,1,0,0.39345458096034347,0.2994000425068318,0.30714537653282475
418,ITA1,22-23,23/04/2023,Empoli,Internazionale Milano,1,1,0.3962975033771404,0.25815210218413664,0.34555039443872293
419,ITA1,22-23,23/04/2023,Monza,Fiorentina,1,1,0.34596924637761295,0.2943453171938266,0.35968543642856043
420,ITA1,22-23,23/04/2023,Udinese,Cremonese,2,0,0.6607893808800485,0.19809957771774822,0.14111104140220332
421,ITA1,22-23,23/04/2023,AC Milan,Lecce,1,0,0.6372699581066451,0.21710953148533527,0.14562051040801963
422,ITA1,22-23,23/04/2023,Juventus,Napoli,1,1,0.354950754379538,0.24791728781072306,0.39713195780973887
423,ITA1,22-23,24/04/2023,Atalanta,Roma,1,1,0.4801814169413196,0.24592829798433843,0.2738902850743419
424,ITA2,22-23,14/04/2023,Modena,Parma,1,1,0.45924942776313826,0.26593524215254316,0.2748153300843186
425,ITA2,22-23,15/04/2023,Ascoli,FC Sudtirol,0,1,0.28948824468348794,0.300363545610407,0.4101482097061051
426,ITA2,22-23,15/04/2023,Benevento,Reggina,0,1,0.30180332662740966,0.3037669119303401,0.3944297614422503
427,ITA2,22-23,15/04/2023,Genoa,Perugia,1,0,0.5864767678152031,0.27361563487439333,0.1399075973104036
428,ITA2,22-23,15/04/2023,Cosenza,Cittadella,1,0,0.47572209783483455,0.29377732679309326,0.2305005753720722
429,ITA2,22-23,15/04/2023,Venezia,Palermo,1,1,0.39338263397246015,0.25851332289548007,0.3481040431320597
430,ITA2,22-23,15/04/2023,SPAL Ferrara,Brescia,1,1,0.5196939599295543,0.24036008400353537,0.23994595606691038
431,ITA2,22-23,15/04/2023,Bari 1908,Como,1,0,0.5459913692182173,0.24527225521987656,0.2087363755619061
432,ITA2,22-23,15/04/2023,Cagliari,Frosinone,1,1,0.35452990096078835,0.28507199413964057,0.36039810489957114
433,ITA2,22-23,16/04/2023,Ternana,Pisa,1,0,0.365968865981731,0.30857523437725654,0.3254558996410124
434,ITA2,22-23,21/04/2023,Reggina,Brescia,1,0,0.5704984305146185,0.22990986865019147,0.19959170083519007
435,ITA2,22-23,22/04/2023,Perugia,Cosenza,1,0,0.6284245434266941,0.2253371560357884,0.14623830053751752
436,ITA2,22-23,22/04/2023,Cittadella,Genoa,0,1,0.25832321600589636,0.28090196705995335,0.4607748169341503
437,ITA2,22-23,22/04/2023,Como,Ascoli,1,1,0.46045734861109816,0.2677991750156658,0.2717434763732361
438,ITA2,22-23,22/04/2023,Modena,SPAL Ferrara,1,0,0.5567628711795876,0.2614614141737903,0.18177571464662212
439,ITA2,22-23,22/04/2023,Frosinone,FC Sudtirol,1,0,0.5409181897872236,0.2745091268054265,0.1845726834073499
440,ITA2,22-23,22/04/2023,Parma,Cagliari,1,0,0.41844555067394285,0.2992210190689349,0.28233343025712226
441,ITA2,22-23,22/04/2023,Palermo,Benevento,1,0,0.5204356456952828,0.28410490699469604,0.19545944731002118
442,ITA2,22-23,23/04/2023,Pisa,Bari 1908,1,1,0.3948609625194395,0.2780684170024761,0.32707062047808444
443,ITA2,22-23,23/04/2023,Ternana,Venezia,1,0,0.4300972135428327,0.29760874415325284,0.27229404230391446
444,JPN1,23-24,15/04/2023,Albirex,Avispa,1,1,0.36508156946079107,0.28184891759981107,0.35306951293939787
445,JPN1,23-24,15/04/2023,Yokohama FC,Sanfrecce,1,1,0.28071620048669743,0.24483689554485166,0.4744469039684509
446,JPN1,23-24,15/04/2023,Kawasaki Frontale,Nagoya Grampus,1,0,0.5196715263929129,0.25541021526591573,0.22491825834117135
447,JPN1,23-24,15/04/2023,Sagan Tosu,Kashiwa Reysol,1,0,0.4383488329507367,0.28798147308685734,0.273669693962406
448,JPN1,23-24,15/04/2023,Shonan Bellmare,Yokohama Marinos,1,1,0.2907707387862158,0.23987028553449052,0.46935897567929374
449,JPN1,23-24,15/04/2023,Red Diamonds,Hokkaido Sapporo,1,1,0.5879144963345037,0.21920900337162938,0.19287650029386696
450,JPN1,23-24,15/04/2023,FC Tokyo,Cerezo Osaka,1,1,0.4752727157137788,0.2624723638427372,0.262254920443484
451,JPN1,23-24,15/04/2023,Kashima Antlers,Vissel Kobe,1,1,0.4115875150400689,0.26851526045331975,0.3198972245066113
452,JPN1,23-24,15/04/2023,Kyoto Sanga,Gamba Osaka,1,0,0.4658143330176272,0.27727875893243287,0.25690690804993993
453,JPN1,23-24,22/04/2023,Sanfrecce,FC Tokyo,1,0,0.5966762353304723,0.23612287101849436,0.16720089365103333
454,JPN1,23-24,22/04/2023,Vissel Kobe,Yokohama Marinos,1,1,0.38308386763753144,0.25145988791149093,0.36545624445097763
455,JPN1,23-24,23/04/2023,Albirex,Kashima Antlers,1,1,0.2957922964383222,0.25250704472053936,0.45170065884113847
456,JPN1,23-24,23/04/2023,Cerezo Osaka,Kashiwa Reysol,1,1,0.45771763909273055,0.2683423662067172,0.27393999470055225
457,JPN1,23-24,23/04/2023,Hokkaido Sapporo,Avispa,1,1,0.44600627511747654,0.27008175552248154,0.283911969360042
458,JPN1,23-24,23/04/2023,Kyoto Sanga,Sagan Tosu,1,1,0.44051541228112734,0.26453899143314247,0.2949455962857302
459,JPN1,23-24,23/04/2023,Nagoya Grampus,Shonan Bellmare,1,0,0.3895183793361557,0.30517453898546754,0.30530708167837683
460,JPN1,23-24,23/04/2023,Gamba Osaka,Yokohama FC,1,0,0.5303287271602296,0.25400897262792876,0.21566230021184163
461,JPN1,23-24,23/04/2023,Kawasaki Frontale,Red Diamonds,1,0,0.5564438751435026,0.23999583064463426,0.20356029421186317
462,JPN2,23-24,16/04/2023,Ventforet Kofu,Tochigi SC,1,0,0.4519595907451493,0.2961042468137522,0.25193616244109857
463,JPN2,23-24,16/04/2023,Blaublitz,Omiya Ardija,1,0,0.46413688130142144,0.2903308952538056,0.24553222344477288
464,JPN2,23-24,16/04/2023,Iwaki FC,Thespakusatsu,1,1,0.38106557560815857,0.27634894293059387,0.34258548146124757
465,JPN2,23-24,16/04/2023,JEF United,Tokyo Verdy,1,1,0.32071075045655567,0.2672184509735604,0.412070798569884
466,JPN2,23-24,16/04/2023,Machida Zelvia,Oita Trinita,1,1,0.4010455048704477,0.2749059313835148,0.3240485637460374
467,JPN2,23-24,16/04/2023,Montedio Yamagata,Zweigen,1,1,0.5147334355616543,0.24267783699059928,0.24258872744774643
468,JPN2,23-24,16/04/2023,Renofa Yamaguchi,Shimizu Pulse,1,1,0.30917757010746894,0.27035038738183914,0.4204720425106919
469,JPN2,23-24,16/04/2023,Tokushima Vortis,Varen Nagasaki,1,1,0.41550213595092433,0.2827354073648108,0.3017624566842649
470,JPN2,23-24,16/04/2023,Vegalta Sendai,Fagiano,1,1,0.3525735694491058,0.2720920612433791,0.3753343693075151
471,JPN2,23-24,16/04/2023,HollyHock,Fujieda MyFC,1,0,0.530332279199163,0.24536198587121116,0.2243057349296258
472,JPN2,23-24,16/04/2023,Jubilo Iwata,Roasso Kumamoto,1,1,0.4509621349556521,0.2510198321001624,0.29801803294418555
473,KOR1,23-24,15/04/2023,Suwon Bluewings,Jeju United,1,1,0.3806189769728429,0.2692878083777325,0.35009321464942456
474,KOR1,23-24,15/04/2023,Pohang Steelers,FC Seoul,1,0,0.49486048711931485,0.26864394872418346,0.2364955641565017
475,KOR1,23-24,15/04/2023,Suwon City FC,Jeonbuk FC,1,1,0.3203525318013937,0.22977382944482905,0.44987363875377717
476,KOR1,23-24,16/04/2023,Gangwon FC,Incheon United,1,1,0.4353820303331507,0.26455783076113837,0.3000601389057109
477,KOR1,23-24,16/04/2023,Daejeon Citizen,Ulsan Hyundai,0,1,0.19967278740486796,0.23636354373692897,0.563963668858203
478,KOR1,23-24,16/04/2023,Daegu FC,Gwangju FC,1,1,0.4517106519412547,0.27068008129408944,0.27760926676465586
479,KOR1,23-24,22/04/2023,FC Seoul,Suwon Bluewings,1,1,0.45073764092997226,0.25873710623083623,0.2905252528391915
480,KOR1,23-24,22/04/2023,Daegu FC,Daejeon Citizen,1,1,0.4993626320633039,0.25400528418772433,0.24663208374897178
481,KOR1,23-24,22/04/2023,Ulsan Hyundai,Pohang Steelers,1,0,0.5109292400903297,0.25212508799421884,0.23694567191545146
482,KOR1,23-24,22/04/2023,Incheon United,Suwon City FC,1,0,0.5157338977887722,0.2743191465241062,0.20994695568712157
483,KOR1,23-24,23/04/2023,Gwangju FC,Gangwon FC,1,1,0.4328950221706447,0.26114598073604234,0.305958997093313
484,KOR1,23-24,23/04/2023,Jeju United,Jeonbuk FC,1,1,0.2900522655761722,0.2603124628603365,0.44963527156349137
485,MAR1,22-23,15/04/2023,Raja Casablanca,Jeunesse Sportive Soualem,1,0,0.52476366953692,0.282135658978758,0.19310067148432203
486,MAR1,22-23,15/04/2023,Renaissance de Berkane,FUS de Rabat,0,1,0.3124174668572389,0.29565107953586434,0.39193145360689674
487,MAR1,22-23,15/04/2023,Mouloudia Oujda,Maghrib de Fes,1,1,0.33475974626923866,0.29937620177916985,0.3658640519515915
488,MAR1,22-23,15/04/2023,Ittihad Tanger,Olympique de Khouribga,0,0,0.3520105182239061,0.33270696246163445,0.3152825193144594
489,MAR1,22-23,15/04/2023,FAR de Rabat,Moghreb de Tetouan,2,0,0.7036404766470218,0.1854214004017386,0.11093812295123961
490,MAR1,22-23,15/04/2023,SC Chabab Mohammedia,Hassania US Agadir,1,0,0.4677191181221471,0.29111014501313043,0.2411707368647224
491,MAR1,22-23,15/04/2023,Difaa Jadida,Olympique de Safi,0,1,0.30393694475183236,0.3161740031660303,0.3798890520821374
492,MAR1,22-23,15/04/2023,Union de Touarga,Wydad AC,0,0,0.31896216037273134,0.326613856842961,0.3544239827843077
493,MAR1,22-23,22/04/2023,FUS de Rabat,Difaa Jadida,1,0,0.6590192184267234,0.22029962625007363,0.12068115532320298
494,MAR1,22-23,22/04/2023,Jeunesse Sportive Soualem,Union de Touarga,1,0,0.38844664093214126,0.3071220673878962,0.3044312916799626
495,MAR1,22-23,22/04/2023,Wydad AC,FAR de Rabat,1,0,0.38776173485661625,0.3117627206654487,0.30047554447793506
496,MAR1,22-23,22/04/2023,Olympique de Safi,SC Chabab Mohammedia,1,0,0.4911355052527869,0.34229219231162356,0.16657230243558963
497,MAR1,22-23,22/04/2023,Hassania US Agadir,Moghreb de Tetouan,1,1,0.4184467203044979,0.2843083996011665,0.2972448800943356
498,MAR1,22-23,22/04/2023,Olympique de Khouribga,Mouloudia Oujda,1,1,0.3552562443945592,0.2864725574197066,0.3582711981857341
499,MAR1,22-23,22/04/2023,Ittihad Tanger,Renaissance de Berkane,0,0,0.2070669574054571,0.3644772285603483,0.4284558140341946
500,MAR1,22-23,22/04/2023,Maghrib de Fes,Raja Casablanca,1,0,0.4610802337107363,0.32756015228949165,0.2113596139997721
501,MEX1,22-23,14/04/2023,Atletico San Luis,FC Juarez,1,0,0.4910578940872124,0.27455166549649657,0.2343904404162911
502,MEX1,22-23,15/04/2023,Club Necaxa,Puebla FC,1,1,0.43807125060065616,0.2344126021458426,0.3275161472535013
503,MEX1,22-23,15/04/2023,Mazatlan,Club Tijuana,1,1,0.45296898520856443,0.23796715271261298,0.3090638620788226
504,MEX1,22-23,16/04/2023,Atlas Guadalajara,CF Pachuca,1,1,0.26309824460685594,0.25315759391467124,0.4837441614784728
505,MEX1,22-23,16/04/2023,Club Leon,Deportivo Guadalajara,1,1,0.48089807045587213,0.23307547572354972,0.28602645382057823
506,MEX1,22-23,16/04/2023,Cruz Azul,Club de Futbol America,1,1,0.2870533508209747,0.2383481802991817,0.4745984688798436
507,MEX1,22-23,16/04/2023,Pumas de la UNAM,Deportivo Toluca,1,1,0.24545789418932532,0.2284985963224156,0.5260435094882592
508,MEX1,22-23,17/04/2023,Gallos Blancos Queretaro FC,Tigres de la Universidad Autonoma,1,1,0.2574301944678588,0.2548051443708356,0.4877646611613056
509,MEX1,22-23,17/04/2023,CF Monterrey,Santos Laguna,2,0,0.7067780159282612,0.17993052724263736,0.11329145682910147
510,MEX1,22-23,21/04/2023,Tigres de la Universidad Autonoma,Puebla FC,1,1,0.5783564869820549,0.2224836774680328,0.19915983554991232
511,MEX1,22-23,22/04/2023,Club Necaxa,Atlas Guadalajara,1,1,0.4638109458641576,0.24766842057187705,0.28852063356396535
512,MEX1,22-23,22/04/2023,Mazatlan,CF Monterrey,0,1,0.169362198912195,0.21434319166494956,0.6162946094228555
513,MEX1,22-23,22/04/2023,Club Tijuana,Club Leon,1,1,0.3703678192905344,0.27394799734668485,0.35568418336278074
514,MEX1,22-23,23/04/2023,CF Pachuca,Atletico San Luis,2,0,0.6808857571194243,0.19783811274194177,0.12127613013863389
515,MEX1,22-23,23/04/2023,Deportivo Guadalajara,Cruz Azul,1,1,0.5256957952089669,0.23565612305913755,0.23864808173189553
516,MEX1,22-23,23/04/2023,Club de Futbol America,Pumas de la UNAM,2,0,0.7985907688134202,0.13681395940432567,0.06459527178225416
517,MEX1,22-23,23/04/2023,Deportivo Toluca,FC Juarez,2,0,0.6642391408238619,0.1942420714303684,0.14151878774576968
518,MEX1,22-23,24/04/2023,Santos Laguna,Gallos Blancos Queretaro FC,2,0,0.6918673287099116,0.17956019604590193,0.12857247524418644
519,POR1,22-23,16/04/2023,Famalicao,Guimaraes,1,0,0.5253359911846879,0.2757912347784355,0.19887277403687664
520,POR1,22-23,16/04/2023,Porto,Santa Clara,2,0,0.9389572392207851,0.06627776142495882,-0.005235000645743934
521,POR1,22-23,16/04/2023,Rio Ave,Casa Pia AC,1,0,0.5515691885293748,0.2762273210558767,0.17220349041474853
522,POR1,22-23,16/04/2023,Vizela,Boavista,1,0,0.6044657941154548,0.2243161758666641,0.17121803001788113
523,POR1,22-23,16/04/2023,Chaves,Benfica,0,1,0.0945741080372004,0.20812816131136422,0.6972977306514353
524,POR1,22-23,16/04/2023,Estoril,Portimonense,1,1,0.4343516276702989,0.2714387269996381,0.294209645330063
525,POR1,22-23,16/04/2023,Maritimo,Pacos Ferreira,1,0,0.4788427326057932,0.2681614999834982,0.25299576741070867
526,POR1,22-23,16/04/2023,Sporting Braga,Gil Vicente,2,0,0.75785445205888,0.1715113104950343,0.07063423744608568
527,POR1,22-23,16/04/2023,Sporting Lisbon,Arouca,2,0,0.7643862380718222,0.16638066720658123,0.06923309472159661
528,POR1,22-23,23/04/2023,Benfica,Estoril,2,0,0.9122450763311639,0.07529180563877844,0.012463118030057646
529,POR1,22-23,23/04/2023,Boavista,Rio Ave,1,1,0.4383437186328754,0.2710346451465976,0.29062163622052706
530,POR1,22-23,23/04/2023,Casa Pia AC,Sporting Braga,0,1,0.20947629209856525,0.2434677791550202,0.5470559287464146
531,POR1,22-23,23/04/2023,Santa Clara,Chaves,1,1,0.25614615304055693,0.2580138396774357,0.48584000728200744
532,POR1,22-23,23/04/2023,Arouca,Vizela,1,1,0.47235483249792276,0.26446069488537427,0.26318447261670297
533,POR1,22-23,23/04/2023,Famalicao,Maritimo,1,0,0.7427549809360153,0.1882531118130963,0.06899190725088836
534,POR1,22-23,23/04/2023,Pacos Ferreira,Porto,0,1,0.06840395155098197,0.19097693603836496,0.740619112410653
535,POR1,22-23,23/04/2023,Portimonense,Gil Vicente,1,1,0.3905666760264318,0.28800289404668894,0.32143042992687926
536,POR1,22-23,23/04/2023,Guimaraes,Sporting Lisbon,1,1,0.35197014707272595,0.2887923322495857,0.3592375206776884
537,RUS1,22-23,15/04/2023,Dinamo Moscow,Nizhny Novgorod,1,0,0.650374009211786,0.2179696081022201,0.1316563826859939
538,RUS1,22-23,15/04/2023,Fakel Voronezh,Terek Grozny,1,1,0.3491129606627346,0.23426840088903095,0.4166186384482345
539,RUS1,22-23,15/04/2023,FC Orenburg,Lokomotiv Moscow,2,1,0.6714593403144726,0.1800422480818492,0.14849841160367816
540,RUS1,22-23,15/04/2023,FK Rostov,Zenit St Petersburg,1,1,0.2940871772250436,0.26079344838854773,0.44511937438640875
541,RUS1,22-23,15/04/2023,Krylia Sovetov,FK Khimki,2,0,0.6513745328674673,0.20019894719146036,0.14842651994107237
542,RUS1,22-23,15/04/2023,Sochi,FK Krasnodar,1,1,0.47283688956061776,0.21525379418488308,0.31190931625449914
543,RUS1,22-23,15/04/2023,Torpedo Moscow,Spartak Moscow,0,1,0.1304601780344048,0.20887864317169305,0.6606611787939022
544,RUS1,22-23,15/04/2023,FK Ural,CSKA Moscow,1,1,0.3067573185477966,0.2736535203783962,0.4195891610738073
545,RUS1,22-23,22/04/2023,Terek Grozny,Sochi,1,0,0.5929971240253183,0.21773442317275923,0.18926845280192242
546,RUS1,22-23,22/04/2023,Fakel Voronezh,FC Orenburg,2,1,0.5377731546177896,0.20967614240300972,0.2525507029792007
547,RUS1,22-23,22/04/2023,FK Khimki,Torpedo Moscow,1,1,0.4390050311191667,0.27478442171419354,0.2862105471666398
548,RUS1,22-23,22/04/2023,Nizhny Novgorod,Krylia Sovetov,1,1,0.40162504561373014,0.22764201635061823,0.37073293803565166
549,RUS1,22-23,22/04/2023,Spartak Moscow,FK Krasnodar,2,1,0.5715365881739627,0.1976432495676234,0.2308201622584139
550,RUS1,22-23,22/04/2023,FK Ural,FK Rostov,1,1,0.27012191556061155,0.2407113425280529,0.48916674191133547
551,RUS1,22-23,22/04/2023,Zenit St Petersburg,Dinamo Moscow,2,0,0.7915175094514427,0.12988823907276098,0.0785942514757963
552,RUS1,22-23,22/04/2023,CSKA Moscow,Lokomotiv Moscow,2,0,0.6980493090015901,0.17948212105990907,0.1224685699385008
553,RUS2,22-23,15/04/2023,Alania Vladikavkaz,FC Volgar Astrakhan,1,1,0.43072825536824105,0.25497003312376115,0.31430171150799785
554,RUS2,22-23,15/04/2023,FC Ufa,Akron,1,1,0.3631735085963662,0.2792295277772338,0.3575969636264
555,RUS2,22-23,15/04/2023,FK Kamaz,Velves,1,0,0.6804661644783128,0.21148433886374796,0.10804949665793928
556,RUS2,22-23,15/04/2023,Kuban Krasnodar,SKA-Energia Khabarovsk,1,0,0.4936427410053427,0.26571049573718447,0.24064676325747275
557,RUS2,22-23,15/04/2023,FC Neftekhimik,FK Krasnodar 2,1,0,0.520365048261143,0.2870519140735393,0.19258303766531765
558,RUS2,22-23,15/04/2023,Rodina Moskva,Anzhi Makhachkala,0,1,0.3315231847178162,0.30654890010096014,0.3619279151812237
559,RUS2,22-23,15/04/2023,Rubin Kazan,Shinnik Yaroslavl,1,0,0.6373525144164821,0.2118519357444502,0.1507955498390677
560,RUS2,22-23,15/04/2023,Volga Ulyanovsk,Arsenal Tula,0,1,0.22881486971570705,0.3004973491120557,0.4706877811722372
561,RUS2,22-23,15/04/2023,Enisey Krasnoyarsk,Baltika Kaliningrad,1,1,0.3599328119555688,0.26921481274148534,0.37085237530294585
562,RUS2,22-23,22/04/2023,Akron,FC Neftekhimik,1,0,0.5046164729283767,0.29060784021875796,0.2047756868528653
563,RUS2,22-23,22/04/2023,Arsenal Tula,Rubin Kazan,1,1,0.32821303394721785,0.24955227296835394,0.4222346930844283
564,RUS2,22-23,22/04/2023,Baltika Kaliningrad,FC Ufa,1,0,0.6702131402310678,0.21210753323772774,0.11767932653120444
565,RUS2,22-23,22/04/2023,Anzhi Makhachkala,Enisey Krasnoyarsk,0,0,0.3818481977388667,0.33373972025058724,0.2844120820105461
566,RUS2,22-23,22/04/2023,FK Krasnodar 2,Kuban Krasnodar,0,1,0.2835628633860912,0.28318702597796663,0.4332501106359422
567,RUS2,22-23,22/04/2023,Rodina Moskva,FK Kamaz,1,1,0.3699416581969304,0.28119482034052784,0.3488635214625418
568,RUS2,22-23,22/04/2023,SKA-Energia Khabarovsk,Volga Ulyanovsk,1,0,0.6186526401986854,0.24224835229482483,0.1390990075064898
569,RUS2,22-23,22/04/2023,FC Volgar Astrakhan,Velves,1,0,0.6517481546537953,0.2321811781065337,0.116070667239671
570,RUS2,22-23,22/04/2023,Shinnik Yaroslavl,Alania Vladikavkaz,1,0,0.43235807697620127,0.2891891964920306,0.27845272653176817
571,SCO1,22-23,14/04/2023,Ross County,Aberdeen,1,1,0.4698275369841198,0.23578893035755533,0.29438353265832484
572,SCO1,22-23,15/04/2023,Glasgow Rangers,St Mirren,2,0,0.8579496821683896,0.10787059585878148,0.0341797219728289
573,SCO1,22-23,15/04/2023,Hibernian,Hearts,1,1,0.532720048128098,0.23167706079462758,0.2356028910772744
574,SCO1,22-23,15/04/2023,Livingston,St Johnstone,1,1,0.49537120500687853,0.2502185394466012,0.2544102555465202
575,SCO1,22-23,15/04/2023,Motherwell,Dundee United,1,0,0.5527532846768568,0.23420183138804146,0.21304488393510174
576,SCO1,22-23,16/04/2023,Kilmarnock,Celtic Glasgow,0,2,0.08023555464652271,0.1423955590741986,0.7773688862792787
577,SCO1,22-23,22/04/2023,Celtic Glasgow,Motherwell,2,0,0.8201507709741584,0.12427124404651282,0.055577984979328726
578,SCO1,22-23,22/04/2023,Dundee United,Livingston,1,1,0.39356562018635555,0.2429566794520169,0.3634777003616275
579,SCO1,22-23,22/04/2023,Aberdeen,Glasgow Rangers,1,1,0.337011213939969,0.22606530995825105,0.43692347610177995
580,SCO1,22-23,22/04/2023,Hearts,Ross County,2,0,0.7058740879561833,0.18315107408557552,0.11097483795824115
581,SCO1,22-23,22/04/2023,St Johnstone,Hibernian,1,1,0.4196587042681145,0.2540457193995493,0.32629557633233613
582,SCO1,22-23,22/04/2023,St Mirren,Kilmarnock,1,0,0.7401440162147871,0.1888346631191361,0.0710213206660768
583,SCO2,22-23,15/04/2023,Cove Rangers,Inverness CT,1,1,0.3272470551089564,0.2413492315424517,0.43140371334859196
584,SCO2,22-23,15/04/2023,FC Dundee,Greenock Morton,2,1,0.6151453334308389,0.2045300581103031,0.18032460845885803
585,SCO2,22-23,15/04/2023,Partick Thistle,Ayr United,1,1,0.4821721546177994,0.22130370957614168,0.29652413580605896
586,SCO2,22-23,15/04/2023,Queens Park,Hamilton Academical,2,0,0.7305890655158812,0.17231674734865368,0.09709418713546511
587,SCO2,22-23,15/04/2023,Raith Rovers,Arbroath,1,1,0.5339923159908573,0.23347432488708322,0.2325333591220595
588,SCO2,22-23,22/04/2023,Arbroath,Cove Rangers,2,0,0.6251969695675219,0.20729554909098327,0.16750748134149482
589,SCO2,22-23,22/04/2023,Ayr United,Queens Park,1,1,0.4856062289438011,0.2310136587100706,0.28338011234612825
590,SCO2,22-23,22/04/2023,Hamilton Academical,Partick Thistle,1,1,0.2528715939260924,0.250688245826427,0.4964401602474806
591,SCO2,22-23,22/04/2023,Inverness CT,FC Dundee,1,1,0.3804858327033279,0.2847084084641322,0.3348057588325399
592,SCO2,22-23,22/04/2023,Greenock Morton,Raith Rovers,1,0,0.5202948531420392,0.2635980773565979,0.21610706950136294
593,SCO3,22-23,15/04/2023,Clyde,Edinburgh City,1,2,0.22469248375598685,0.21544982535064272,0.5598576908933705
594,SCO3,22-23,15/04/2023,Dunfermline Athletic,Queen of the South,1,0,0.6222564163956993,0.2188094570438356,0.15893412656046513
595,SCO3,22-23,15/04/2023,Falkirk,Airdrie United,1,1,0.5679921227062408,0.22345402836512057,0.20855384892863865
596,SCO3,22-23,15/04/2023,Kelty Hearts,Alloa Athletic,1,1,0.4058406255824051,0.2663385386115992,0.32782083580599575
597,SCO3,22-23,15/04/2023,Montrose,Peterhead,2,0,0.834479178878817,0.11679867916396262,0.048722141957220425
598,SCO3,22-23,22/04/2023,Airdrie United,Dunfermline Athletic,1,1,0.3906768023081862,0.22347615177408578,0.3858470459177281
599,SCO3,22-23,22/04/2023,Alloa Athletic,Falkirk,1,1,0.48145153023901904,0.24209773974513032,0.2764507300158507
600,SCO3,22-23,22/04/2023,Edinburgh City,Kelty Hearts,1,1,0.5540713616204875,0.22643435131435752,0.21949428706515495
601,SCO3,22-23,22/04/2023,Peterhead,Clyde,1,1,0.40998331815428424,0.2599967054609996,0.33001997638471614
602,SCO3,22-23,22/04/2023,Queen of the South,Montrose,1,1,0.5095669454814621,0.24866397790249004,0.24176907661604788
603,SCO4,22-23,15/04/2023,Annan Athletic,Albion Rovers,1,1,0.47565509908510273,0.23024439575406985,0.2941005051608274
604,SCO4,22-23,15/04/2023,Bonnyrigg Rose,Dumbarton,1,1,0.31008287253652417,0.2514464516517374,0.4384706758117385
605,SCO4,22-23,15/04/2023,East Fife,Stranraer,1,1,0.4380119665537272,0.266347678174926,0.2956403552713468
606,SCO4,22-23,15/04/2023,Elgin City,Forfar Athletic,1,1,0.30225048797412996,0.2738861222781265,0.4238633897477436
607,SCO4,22-23,15/04/2023,Stenhousemuir,Stirling Albion,1,1,0.33810424997622446,0.2467342535915584,0.4151614964322171
608,SCO4,22-23,22/04/2023,Albion Rovers,Stenhousemuir,1,1,0.32687475886908346,0.2626601132155487,0.4104651279153678
609,SCO4,22-23,22/04/2023,Dumbarton,East Fife,1,1,0.44302482933737386,0.24958948380453932,0.3073856868580868
610,SCO4,22-23,22/04/2023,Forfar Athletic,Bonnyrigg Rose,1,1,0.4216731588024459,0.279787495654953,0.2985393455426012
611,SCO4,22-23,22/04/2023,Stirling Albion,Annan Athletic,2,1,0.593503471876028,0.20735084422257669,0.19914568390139528
612,SCO4,22-23,22/04/2023,Stranraer,Elgin City,1,1,0.4702691859377809,0.22624208231819742,0.3034887317440217
613,SPA1,22-23,14/04/2023,Vallecano,Osasuna,1,0,0.48889451072661866,0.28966326574500456,0.22144222352837672
614,SPA1,22-23,15/04/2023,Villarreal,Valladolid,2,0,0.7702369096160366,0.16871360554653628,0.06104948483742709
615,SPA1,22-23,15/04/2023,Athletic Bilbao,Real Sociedad,1,1,0.37922932879200855,0.28704100361075763,0.3337296675972338
616,SPA1,22-23,15/04/2023,Real Betis,Espanyol Barcelona,1,0,0.6022505094940134,0.2332369799135703,0.1645125105924163
617,SPA1,22-23,15/04/2023,Cadiz,Real Madrid,0,1,0.17594344529934133,0.2386799811508747,0.585376573549784
618,SPA1,22-23,16/04/2023,Girona,Elche,2,0,0.7157759181414706,0.1750259997951564,0.10919808206337303
619,SPA1,22-23,16/04/2023,Getafe,FC Barcelona,0,1,0.14901577779613293,0.24096286251130167,0.6100213596925654
620,SPA1,22-23,16/04/2023,Athletico Madrid,Almeria,2,0,0.7973780779023009,0.14440137436906203,0.058220547728637106
621,SPA1,22-23,16/04/2023,Valencia,Sevilla FC,1,0,0.547206629970597,0.23927040486524834,0.21352296516415467
622,SPA1,22-23,17/04/2023,Celta de Vigo,Mallorca,1,0,0.5738462916193984,0.2515510402205778,0.17460266816002384
623,SPA1,22-23,23/04/2023,Osasuna,Real Betis,0,1,0.3242531213457944,0.30155988453670407,0.3741869941175015
624,SPA1,22-23,23/04/2023,Espanyol Barcelona,Cadiz,1,1,0.4690359510079385,0.2562135850001469,0.2747504639919146
625,SPA1,22-23,23/04/2023,FC Barcelona,Athletico Madrid,1,0,0.6157896221555429,0.2539520330434936,0.1302583448009635
626,SPA1,22-23,23/04/2023,Elche,Valencia,1,1,0.35817325549575374,0.28193466716348836,0.3598920773407579
627,SPA1,22-23,23/04/2023,Sevilla FC,Villarreal,1,1,0.3603673675653704,0.2861745564025146,0.35345807603211493
628,SPA1,22-23,23/04/2023,Mallorca,Getafe,1,0,0.4787858204633372,0.30115348069880704,0.22006069883785578
629,SPA1,22-23,23/04/2023,Real Madrid,Celta de Vigo,2,0,0.7571861732422891,0.16239277499522034,0.08042105176249056
630,SPA1,22-23,23/04/2023,Real Sociedad,Vallecano,1,0,0.5022587782193588,0.2799872775292891,0.21775394425135208
631,SPA1,22-23,23/04/2023,Valladolid,Girona,1,1,0.4217321513475419,0.2677906706606747,0.3104771779917835
632,SPA1,22-23,23/04/2023,Almeria,Athletic Bilbao,1,1,0.4002313525742784,0.2554920540526236,0.34427659337309796
633,SPA2,22-23,14/04/2023,Albacete,Eibar,1,0,0.4183042336779889,0.29012488629199673,0.2915708800300143
634,SPA2,22-23,15/04/2023,Granada,Las Palmas,1,0,0.5589696929516261,0.28165529577762966,0.15937501127074422
635,SPA2,22-23,15/04/2023,Oviedo,Lugo,1,0,0.5558910472241344,0.28985125199771833,0.15425770077814727
636,SPA2,22-23,15/04/2023,Zaragoza,Santander,1,0,0.42095736610276013,0.3209764949251054,0.2580661389721345
637,SPA2,22-23,15/04/2023,Burgos,Ponferradina,1,0,0.49974998436460727,0.2940589726209817,0.20619104301441105
638,SPA2,22-23,16/04/2023,Andorra,Huesca,1,0,0.5205635750646931,0.3047952762008183,0.1746411487344886
639,SPA2,22-23,16/04/2023,Sporting Gijon,Alaves,1,0,0.41668232240503617,0.28586349403591843,0.29745418355904535
640,SPA2,22-23,16/04/2023,Tenerife,Ibiza,1,0,0.6063378867323203,0.2563566544508327,0.13730545881684703
641,SPA2,22-23,16/04/2023,Malaga,Cartagena,0,1,0.30715093630691864,0.29652586318864654,0.39632320050443476
642,SPA2,22-23,16/04/2023,Leganes,Villarreal B,1,0,0.4527778800981538,0.292906993241503,0.2543151266603432
643,SPA2,22-23,17/04/2023,Levante,Mirandes,1,0,0.5725076012512943,0.2873627588913002,0.1401296398574055
644,SPA2,22-23,23/04/2023,Lugo,Malaga,0,0,0.39238828568521233,0.34018610087195983,0.26742561344282784
645,SPA2,22-23,23/04/2023,Mirandes,Burgos,1,0,0.4236489864150298,0.3088128723347162,0.267538141250254
646,SPA2,22-23,23/04/2023,Alaves,Leganes,1,0,0.6187919934892525,0.27731400932191047,0.10389399718883702
647,SPA2,22-23,23/04/2023,Cartagena,Sporting Gijon,1,0,0.44612259902245227,0.3062797710272307,0.2475976299503171
648,SPA2,22-23,23/04/2023,Villarreal B,Albacete,1,1,0.46326745570105515,0.26517847090551017,0.2715540733934346
649,SPA2,22-23,23/04/2023,Santander,Granada,0,0,0.36244692142698204,0.33343731063393617,0.30411576793908174
650,SPA2,22-23,23/04/2023,Eibar,Zaragoza,1,0,0.5460932554635968,0.30564996555589596,0.14825677898050726
651,SPA2,22-23,23/04/2023,Huesca,Tenerife,1,0,0.5338624596101325,0.2986061659556484,0.16753137443421917
652,SPA2,22-23,23/04/2023,Ponferradina,Andorra,0,0,0.36191218869133945,0.322692099651641,0.3153957116570196
653,SPA2,22-23,23/04/2023,Ibiza,Oviedo,1,0,0.3721226126839124,0.31347282669943277,0.3144045606166549
654,SPA2,22-23,23/04/2023,Las Palmas,Levante,1,0,0.4443300811572668,0.30654207494312397,0.24912784389960924
655,TUN1,22-23,15/04/2023,Club Africain,US Tataouine,1,0,0.5746618842192237,0.28233545449601344,0.14300266128476286
656,TUN1,22-23,15/04/2023,US Ben Guerdane,Club Sportif Sfaxien,1,0,0.5742038035037894,0.3055782061071931,0.12021799038901748
657,TUN1,22-23,15/04/2023,Olympique Beja,Esperance Tunis,1,1,0.31690577055028757,0.2683011095479005,0.41479311990181195
658,TUN1,22-23,15/04/2023,ES Sahel,US Monastir,1,1,0.3440535711153787,0.2989194316936848,0.3570269971909365
659,TUN1,22-23,22/04/2023,US Monastir,Club Africain,1,0,0.523300816892222,0.3282213209870894,0.14847786212068864
660,TUN1,22-23,22/04/2023,Esperance Tunis,ES Sahel,1,0,0.5229409098212763,0.26616651442843753,0.2108925757502862
661,TUN1,22-23,22/04/2023,US Tataouine,US Ben Guerdane,0,0,0.3070434025526924,0.34164534355679144,0.3513112538905161
662,TUN1,22-23,22/04/2023,Club Sportif Sfaxien,Olympique Beja,0,0,0.3115325403085126,0.3674143677700736,0.3210530919214139
663,TUN1,22-23,26/04/2023,CA Bizertin,ES Hammam Sousse,1,0,0.6815560258679763,0.21716408136802715,0.1012798927639966
664,TUN1,22-23,26/04/2023,EO Sidi Bouzid,Soliman,1,0,0.5013357146998612,0.2607700329588811,0.23789425234125772
665,TUN1,22-23,26/04/2023,Stade Tunisien,ES Metlaoui,1,0,0.5601086287518079,0.2691782835475753,0.17071308770061683
666,USA1,23-24,16/04/2023,Charlotte FC,Colorado Rapids,1,0,0.6177111689176814,0.21212153679324236,0.17016729428907623
667,USA1,23-24,16/04/2023,Columbus Crew,New England Revolution,1,1,0.5772338387369412,0.22171361003513532,0.20105255122792345
668,USA1,23-24,16/04/2023,CF Montreal,D.C. United,2,0,0.6613388345925284,0.19529733109232686,0.14336383431514474
669,USA1,23-24,16/04/2023,New York Red Bulls,Houston Dynamo,1,1,0.5547854669925247,0.2278142827225114,0.21740025028496388
670,USA1,23-24,16/04/2023,New York City FC,Nashville SC,1,1,0.5247380846766757,0.24189259648296715,0.23336931884035714
671,USA1,23-24,16/04/2023,Toronto FC,Atlanta United FC,1,1,0.495501049014353,0.22734347764849946,0.2771554733371475
672,USA1,23-24,16/04/2023,Austin FC,Vancouver Whitecaps,2,1,0.6501506673196485,0.1896474979946818,0.16020183468566965
673,USA1,23-24,16/04/2023,Chicago Fire,Philadelphia Union,1,1,0.3630772766567627,0.28186385019422794,0.35505887314900936
674,USA1,23-24,16/04/2023,FC Dallas,Real Salt Lake,1,0,0.6397263643238763,0.20885412982413937,0.15141950585198433
675,USA1,23-24,16/04/2023,Minnesota,Orlando City,1,0,0.5199037077718655,0.24918646492656804,0.2309098273015665
676,USA1,23-24,16/04/2023,St Louis City,FC Cincinnati,1,1,0.5480100782373899,0.23109949933415644,0.22089042242845366
677,USA1,23-24,16/04/2023,Portland Timbers,Seattle Sounders,1,1,0.47269588048484945,0.2552095425345628,0.27209457698058775
678,USA1,23-24,16/04/2023,San Jose Earthquakes,Sporting Kansas City,1,1,0.5672380022590644,0.2238986279031195,0.2088633698378161
679,USA1,23-24,16/04/2023,Los Angeles Galaxy,Los Angeles FC,1,1,0.38693839483005565,0.24453797033905414,0.36852363483089023
680,USA1,23-24,23/04/2023,Charlotte FC,Columbus Crew,1,1,0.4511532331041378,0.25129376452543684,0.29755300237042537
681,USA1,23-24,23/04/2023,FC Cincinnati,Portland Timbers,2,1,0.5954993767850293,0.19736680891674652,0.2071338142982242
682,USA1,23-24,23/04/2023,CF Montreal,New York Red Bulls,1,1,0.4521585299581432,0.25288555982910627,0.2949559102127505
683,USA1,23-24,23/04/2023,New England Revolution,Sporting Kansas City,1,0,0.6096835130097221,0.23266181509800202,0.15765467189227586
684,USA1,23-24,23/04/2023,New York City FC,FC Dallas,1,1,0.5666172668172325,0.2262163285161981,0.20716640466656944
685,USA1,23-24,23/04/2023,Orlando City,D.C. United,1,1,0.5663513574390899,0.22613002520878003,0.20751861735213004
686,USA1,23-24,23/04/2023,Philadelphia Union,Toronto FC,2,0,0.768247531816122,0.15067065880902983,0.08108180937484813
687,USA1,23-24,23/04/2023,Nashville SC,Los Angeles FC,1,1,0.4170305840786384,0.25588013042567465,0.327089285495687
688,USA1,23-24,23/04/2023,Colorado Rapids,St Louis City,1,1,0.24346815325287327,0.22097272104868487,0.5355591256984418
689,USA1,23-24,23/04/2023,Real Salt Lake,San Jose Earthquakes,2,1,0.5862893253888484,0.21281195185662785,0.20089872275452378
690,USA1,23-24,23/04/2023,Los Angeles Galaxy,Austin FC,1,1,0.49620414738100943,0.23114909761256638,0.2726467550064241
691,USA1,23-24,23/04/2023,Seattle Sounders,Minnesota,1,1,0.5345891884930006,0.23103324863555189,0.23437756287144748
692,USA1,23-24,23/04/2023,Atlanta United FC,Chicago Fire,1,1,0.5391629680044969,0.22226973809940667,0.2385672938960964
693,USA2,23-24,15/04/2023,FC Tulsa,Charleston Battery,2,0,0.6427531011229,0.19628033475725895,0.1609665641198411
694,USA2,23-24,15/04/2023,Loudoun United,Birmingham Legion,1,1,0.22671773205768958,0.23481646060305267,0.5384658073392576
695,USA2,23-24,15/04/2023,Louisville City FC,San Antonio Scorpions,1,1,0.4454960764661273,0.25279577878775844,0.30170814474611424
696,USA2,23-24,15/04/2023,Memphis 901,Las Vegas Lights FC,1,1,0.577115262801979,0.21749659974155297,0.20538813745646803
697,USA2,23-24,15/04/2023,Miami FC,Detroit City FC,1,1,0.36292659255550824,0.29324798415761827,0.34382542328687343
698,USA2,23-24,15/04/2023,New Mexico United,San Diego Loyal,1,1,0.4769112016718381,0.23647194838868496,0.28661684993947695
699,USA2,23-24,15/04/2023,Oakland Roots,Hartford Athletic,1,0,0.598955564561456,0.21773891897179404,0.18330551646674992
700,USA2,23-24,15/04/2023,Orange County SC,Indy Eleven,1,1,0.5198927265428224,0.23498835759733513,0.2451189158598425
701,USA2,23-24,15/04/2023,Phoenix Rising,Monterey Bay FC,2,1,0.6321158817619339,0.19964618461336317,0.16823793362470293
702,USA2,23-24,15/04/2023,Pittsburgh Riverhounds,Rio Grande Valley FC,1,1,0.4564190054794875,0.25502329811682045,0.2885576964036921
703,USA2,23-24,15/04/2023,Sacramento Republic,Colorado Springs Switchbacks,1,0,0.6280462300813894,0.21745344003735126,0.15450032988125936
704,USA2,23-24,22/04/2023,Charleston Battery,Louisville City FC,1,1,0.23770012500971072,0.2294718999715307,0.5328279750187586
705,USA2,23-24,22/04/2023,Colorado Springs Switchbacks,New Mexico United,1,1,0.5029200541557198,0.23858319210348872,0.25849675374079145
706,USA2,23-24,22/04/2023,El Paso Locomotive,Pittsburgh Riverhounds,1,1,0.3872430125718243,0.22831395424095213,0.3844430331872236
707,USA2,23-24,22/04/2023,Indy Eleven,Monterey Bay FC,1,0,0.5984245207589339,0.21782155739035977,0.1837539218507063
708,USA2,23-24,22/04/2023,Orange County SC,Birmingham Legion,1,1,0.30444032334957016,0.24308832162457253,0.45247135502585734
709,USA2,23-24,22/04/2023,Rio Grande Valley FC,Memphis 901,1,1,0.32958368703578345,0.28994897889646115,0.3804673340677554
710,USA2,23-24,22/04/2023,Sacramento Republic,Detroit City FC,1,0,0.5772157739034774,0.24553024361313,0.17725398248339255
711,USA2,23-24,22/04/2023,San Antonio Scorpions,Phoenix Rising,2,0,0.8172024704164873,0.13462005070854305,0.04817747887496965
712,USA2,23-24,23/04/2023,Loudoun United,Oakland Roots,1,1,0.29215157274085274,0.24259266058432088,0.4652557666748263
713,USA2,23-24,23/04/2023,Miami FC,Las Vegas Lights FC,1,0,0.48286675308569454,0.2745808939116575,0.242552353002648
714,USA2,23-24,23/04/2023,San Diego Loyal,Tampa Bay Rowdies,1,1,0.4443130150813464,0.23266574144924956,0.3230212434694041
715,VEN1,23-24,15/04/2023,Carabobo FC,Deportivo Rayo Zuliano,2,0,0.6712356829521254,0.190611455067376,0.13815286198049856
716,VEN1,23-24,15/04/2023,Caracas FC,Mineros de Guayana,1,1,0.5428835803412889,0.22801751537714027,0.22909890428157081
717,VEN1,23-24,15/04/2023,Estudiantes de Merida,Metropolitanos FC,1,1,0.469116557638898,0.26265793493880357,0.2682255074222984
718,VEN1,23-24,15/04/2023,Deportivo La Guaira,Angostura,1,1,0.5205180730443625,0.23824826499780996,0.24123366195782756
719,VEN1,23-24,15/04/2023,Portuguesa FC,Universidad Central FC,1,0,0.5554344832078462,0.2842838161241914,0.16028170066796243
720,VEN1,23-24,15/04/2023,Cabello,CD Hermanos Colmenarez,1,0,0.5633030020530401,0.24866459037064653,0.1880324075763134
721,VEN1,23-24,15/04/2023,Zamora FC,Monagas,1,1,0.4330002887594011,0.25745992767493087,0.309539783565668
722,VEN1,23-24,22/04/2023,Angostura,Metropolitanos FC,1,1,0.38504256098889345,0.2751171176487982,0.33984032136230835
723,VEN1,23-24,22/04/2023,Deportivo Tachira,Caracas FC,1,0,0.5886171907527483,0.25063152660476395,0.16075128264248773
724,VEN1,23-24,22/04/2023,CD Hermanos Colmenarez,Portuguesa FC,1,0,0.46411914204986754,0.2788426926162687,0.2570381653338637
725,VEN1,23-24,22/04/2023,Mineros de Guayana,Carabobo FC,1,1,0.34602773582272295,0.2791563086990914,0.37481595547818564
726,VEN1,23-24,22/04/2023,Monagas,Cabello,1,1,0.3966460755635643,0.26303400112528347,0.3403199233111522
727,VEN1,23-24,22/04/2023,Deportivo Rayo Zuliano,Zamora FC,1,1,0.38945629280837774,0.21804447395562224,0.392499233236
728,VEN1,23-24,22/04/2023,Universidad Central FC,Estudiantes de Merida,1,1,0.31624136327217606,0.2735724940606603,0.4101861426671636
729,ZAF1,22-23,21/04/2023,Maritzburg United,Richards Bay FC,1,1,0.332669570206106,0.27483411075784114,0.39249631903605287
730,ZAF1,22-23,22/04/2023,Golden Arrows,Mamelodi Sundowns,0,1,0.14004692573574795,0.23614239820678382,0.6238106760574682
731,ZAF1,22-23,22/04/2023,Orlando Pirates,Cape Town City FC,1,0,0.5521852301994222,0.26549200463289013,0.18232276516768764
732,ZAF1,22-23,22/04/2023,Stellenbosch,Moroka Swallows,1,0,0.5296961328643874,0.27545851435169527,0.1948453527839173
733,ZAF1,22-23,23/04/2023,Marumo Gallants,Chippa United,1,0,0.3985529785941507,0.3047248750584591,0.2967221463473903
734,ZAF1,22-23,23/04/2023,Tim Sukazi Galaxy,Bloemfontein Celtic,1,0,0.588969524186411,0.23692694542388346,0.17410353038970552
735,ZAF1,22-23,23/04/2023,Sekhukhune United,Kaizer Chiefs,1,0,0.44310089511563927,0.28843856834492393,0.26846053653943686
736,ZAF1,22-23,23/04/2023,SuperSport United,AmaZulu,1,0,0.6017793679991728,0.27256091491189655,0.1256597170889307
